Row,Text (Anonymized),Entity_A,Entity_B,Entity_C,Entity_D,R1,R2,R3,Final_Label
1,bakit dahil kay [Entity_A] madilim ang kanyang advertisment,BINAY,,,,Negative,Negative,Negative,Negative
2,BAKIT TATAKBO SI [Entity_A]?! BAKA MAGHATI SILA NI [Entity_B] AT SI [Entity_C] PA ANG MANALO,DUTERTE,MIRIAM,BINAY,,Negative,Negative,Negative,Negative
3,Pero try to reach out also to those walang social media. Most na tinanong ko kay [Entity_A] sila...Pro-active na tayo [Entity_B],BINAY,DUTERTE,,,Neutral,Neutral,Neutral,Neutral
4,[Entity_A] said [Entity_B] and [Entity_C] camps didn't approach him since he filed cases against some of their members.,POE,ROXAS,DUTERTE,,Neutral,Neutral,Neutral,Neutral
5,Watch: Actual VCM Printed [Entity_A] Automatically When Voting Other President Candidate! ~ ThePadder,MAR ROXAS,,,,Neutral,Neutral,Neutral,Neutral
6,Selfish [Entity_A] inuuna ang pansariling interest kumoara sa kapakanan ng bayan. [Entity_B] TANDEM LET'S GO,POE,ROXAS-ROBREDO,,,Negative,Negative,Negative,Negative
7,The camp of the VP maintained that the alleged evidence presented against [Entity_A] were merely hearsay. | via ANC,BINAY,,,,Neutral,Neutral,Neutral,Neutral
8,"[Entity_A]: Kung iba ang mauupo sa pagkapangulo...di magkakaroon ng pagbabago, di giginhawa ang buhay ng masang Pilipino.",BINAY,,,,Neutral,Neutral,Neutral,Neutral
9,[Entity_A] is so ill informed.Mindanao problem s not a socio economic problem but a cultural problem! Research pg may time,BINAY,,,,Negative,Negative,Negative,Negative
10,Buhat bangko yung commercial ni [Entity_A]. ??????????????????????,BINAY,,,,Negative,Negative,Negative,Negative
11,Literal na [Entity_A] ang nakita ko,BINAY,,,,Neutral,Neutral,Neutral,Neutral
12,Bakit dahil kay [Entity_A] nakilala kaming mga [Entity_A]?,BINAY,,,,Negative,Negative,Negative,Negative
13,"I think, [Entity_A] is hungry for power.",MAR ROXAS,,,,Negative,Negative,Negative,Negative
14,I dont know what will happen to our country if our president is [Entity_A],MAR ROXAS,,,,Negative,Negative,Negative,Negative
15,Sawang sawa na ko sa commercial ni [Entity_A] ??,BINAY,,,,Negative,Negative,Negative,Negative
16,"why is abscbn making [Entity_A] as the good example for filipinos, the hope of the people... wait, lets talk abt yolanda funds..",MAR ROXAS,,,,Negative,Negative,Negative,Negative
17,RT kamuka ni Kokey yan si [Entity_A],BINAY,,,,Neutral,Neutral,Negative,Negative
18,"Kung ang eleksyon ay isang show, title nito at FacePositiveFace. Si [Entity_A] ang isinusumbong. [Entity_B], [Entity_C] at [Entity_D] ang nagsumbong.Si [Entity_E] ang sawsawero.",DUTERTE,MAR ROXAS,POE,MDS/MIRIAM,Negative,Negative,Negative,Negative
19,Wag natin kalimutan isupport si [Entity_A],GRINGO HONASAN,BINAY,,,Positive,Positive,Positive,Positive
20,"Hindi pa man nakakaupo, may 5 plunder cases nang nailatag kay [Entity_A].",BINAY,,,,Negative,Negative,Negative,Negative
21,putangina mo [Entity_A] wag mo kami idamay sa [Entity_A] na yan,BINAY,NOGNOG,,,Negative,Negative,Negative,Negative
22,Panay [Entity_A] commercial aba. Ginawang asal ??,MAR ROXAS,,,,Negative,Negative,Negative,Negative
23,Bakit puro kayo Sandro? Pano naman yung anak ni [Entity_A]? Hahahaha cge sakin nalang sya ??,SANDRO,BINAY,,,Positive,Neutral,Negative,Negative
24,Pati nanay mo [Entity_A] trip mo narin wtf dinamay mo pa ?? hiya ka naman uy ??,BINAY,,,,Negative,Negative,Negative,Negative
25,"[Entity_A], puro ka hometown mo. Ano'ng nagawa mo sa anim na taon mo sa posisyon mo?",BINAY,,,,Negative,Negative,Negative,Negative
26,"hmmm either [Entity_A] o [Entity_B] lang president ko. Vice ko, either [Entity_C] or [Entity_D].",DUTERTE,MIRIAM,,,Positive,Positive,Positive,Positive
27,mga maala [Entity_A] nga. HAHHAAH.,MAR ROXAS,,,,Neutral,Neutral,Neutral,Neutral
28,Sana di nalang paulit ulit yung binabato nila kay [Entity_A] para nakaka move on tayo lahat,BINAY,,,,Negative,Negative,Negative,Negative
29,"Interview pa lang ni [Entity_A] walang isip-isip sa pagsagot, hindi tulad ni [Entity_B]! Haha",DUTERTE,MAR ROXAS,,,Negative,Negative,Negative,Negative
30,"I really hope the voting public bothered to witness this debate. If you're still voting for [Entity_A] or [Entity_B], then idk anymore.",DUTERTE,BINAY,,,Negative,Negative,Negative,Negative
31,The Information against [Entity_A] will be filed after the expiration of his term as Vice President. | via,BINAY,,,,Negative,Neutral,Neutral,Neutral
32,[Entity_A] cuts short Ilocos trip to prepare for Positivend presidential debate,BINAY,,,,Neutral,Neutral,Neutral,Neutral
33,[Entity_A]! wala na ba? ??????,BINAY,,,,Negative,Negative,Negative,Negative
34,Bakit di man lang maitelevised ng ABSCBN yung problema na [Entity_A] yung votes pero sa receipts [Entity_A]. BIAS TLAAGA,DUTERTE,ROXAS,,,Negative,Negative,Negative,Negative
35,[Entity_A] to raise issue vs [Entity_B] if admin uses corruption vs [Entity_C] |,ENRILE/ROXAS,BINAY,,,Neutral,Neutral,Neutral,Neutral
36,"What saddens me most is that [Entity_A], [Entity_B] and [Entity_C] placed higher than [Entity_D]. You're really not afraid of a dying country.",ROXAS,POE,BINAY,MDS,Negative,Negative,Negative,Negative
37,[Entity_A]. yan si [Entity_A] asawa ni binoy ????????,NOGNOG,BINAY,,,Neutral,Neutral,Neutral,Neutral
38,Pagkatapos ng [Entity_A] [Entity_A] naman ngayon. Srsyly [Entity_A] ??,NOGNOG,PANDAK/BINAY,,,Negative,Negative,Negative,Negative
39,"[Entity_A], dinalaw ang mga naapektuhan ng bagyong Lando sa Isabela | via Bombo Radyo",BINAY,,,,Neutral,Neutral,Neutral,Neutral
40,RT It will just be [Entity_A] vs [Entity_B] for me. Credibility vs Willpower. Debates will tell.,MIRIAM,DUTERTE,,,Neutral,Neutral,Neutral,Neutral
41,tricky pol ads of cagey [Entity_A],BINAY,,,,Negative,Negative,Negative,Negative
42,Presidential bet [Entity_A] now faces allegations on vote buying in Baguio City.,GRACE POE,,,,Negative,Negative,Negative,Negative
43,Gwapo naman lagi ni [Entity_A] eh hahahaha,BINAY,,,,Positive,Positive,Positive,Positive
44,Palace to [Entity_A]: Check out [Entity_B]'s numbers,BINAY,AQUINO,,,Negative,Neutral,Neutral,Neutral
45,5M for [Entity_A]. hay. tapos si [Entity_B] Positive.9M.,DU30,POE,,,Negative,Negative,Negative,Negative
46,"Wala din akong kinakalabang kandidato. I share posts on [Entity_A], [Entity_B], [Entity_C], [Entity_D], and [Entity_E]. Alphabetical ka 'yan para fair. ??",BINAY,DUTERTE,POE,ROXAS,Neutral,Neutral,Neutral,Neutral
47,"Mercado owned dummy' firms, alleged [Entity_A] bagman claims",BINAY,,,,Neutral,Neutral,Neutral,Neutral
48,[Entity_A] should be the Neutral to quit instead of [Entity_B] kasi mas mataas ranking ni [Entity_B] sa 7-eleven GULP surveys,MAR ROXAS,POE,,,Negative,Negative,Negative,Negative
49,"Salgado says reaffirmed indictment days before campaign period,like when it indicted [Entity_A] on day he filed his candidacy",BINAY,,,,Neutral,Neutral,Neutral,Neutral
50,Video of [Entity_A] lookalike goes viral. READ HERE:,JEJOMAR BINAY,,,,Neutral,Neutral,Neutral,Neutral
51,"Retweeted TV Patrol [Entity_A], iginiit na wala siyang kinalaman sa desisyon ng anak sa...",VP BINAY,,,,Neutral,Neutral,Neutral,Neutral
52,[Entity_A]: It's presumptuous for [Entity_B] to think the race is between [Entity_B] and [Entity_C].,POE,ROXAS,DUTERTE,,Negative,Negative,Negative,Negative
53,"GOV'Ts MONEY??? EXCUSE ME, [Entity_A]! THAT'S OUR MONEY!! GALING SA DUGO'T PAWIS NG MGA HAMAK NA MANGGAGAWA NA...",BINAY,,,,Negative,Negative,Negative,Negative
54,"I hear our neighbor's sing [Entity_A]’S jingle pero iba yung lyrics. From only [Entity_A] to ""Lonely [Entity_A]."" Huhu wait na-LSS ako",VP BINAY,,,,Negative,Negative,Negative,Negative
55,Jusko po. Kahit tuwid na daan ni [Entity_A] apektado. ??,MAR ROXAS,,,,Negative,Negative,Negative,Negative
56,Bombo Radyo Philippines - [Entity_A]: Hindi ako titigil sa pag-uusig laban sa pamilya [Entity_A],TRILLANES,BINAY,,,Neutral,Neutral,Neutral,Neutral
57,Yan si [Entity_A]! Wahahaha!,BINAY,,,,Negative,Negative,Negative,Negative
58,"[Entity_A]: I will make you rich, like your hometown. Pwe! Talagang mayaman ang Makati kasi yun ang business capital mg Ph. Tanga.",BINAY,,,,Negative,Negative,Negative,Negative
59,[Entity_A]'s ad is so full of ad misericordiam fallacies hahaha,BINAY,,,,Negative,Negative,Negative,Negative
60,"[Entity_A], binati nina [Entity_B] at [Entity_C] sa kanyang 7Negativerd birthday",BINAY,POE,ROXAS,,Neutral,Neutral,Neutral,Neutral
61,"PWEDE NA SI [Entity_A], WAG LANG SI [Entity_B], WAG! SHET, WAG! [Entity_B], LABAN PA! VOTE [Entity_A] for PRESIDENT",DU30,POE,MIRIAM,,Negative,Negative,Negative,Negative
62,manhid mo comelec.maka stresss!!![Entity_A]aran din kayo Ni [Entity_A],MAR ROXAS,,,,Negative,Negative,Negative,Negative
63,While [Entity_A]: Siya si Korra! The avatar. Wahaha,MIRIAM,,,,Positive,Positive,Positive,Positive
64,I will not vote [Entity_A].,MAR ROXAS,,,,Negative,Negative,Negative,Negative
65,Nag trending si [Entity_A] sa twitter.. Negative puros ??????????????????,BINAY,,,,Negative,Negative,Negative,Negative
66,I really don't like that [Entity_A] commercial hahahaha,BINAY,,,,Negative,Negative,Negative,Negative
67,"Manawagan kong [Entity_A], [Entity_B], [Entity_C] nga ilibre kog ticket sa EXO Planet. ???? dejokelungs",MAR ROXAS,GRACE,BINAY,,Neutral,Neutral,Neutral,Neutral
68,Good news but why do i have a bad feeling that [Entity_A] will win,BINAY,,,,Negative,Negative,Negative,Negative
69,"Words like decency and honesty coming from [Entity_A]? Oh. Fck you and your poor, filthy little shit",MAR ROXAS,,,,Negative,Negative,Negative,Negative
70,"salamat sa naging suporta mga ka [Entity_A], di pa tapos ang laban, laban para sa kahirapan",VP BINAY,,,,Positive,Positive,Positive,Positive
71,[Entity_A] po.,MAR ROXAS,,,,Neutral,Neutral,Neutral,Neutral
72,Desperate move ni [Entity_A] ????,MAR ROXAS,,,,Negative,Negative,Negative,Negative
73,"Grabe talaga si [Entity_A], wala kasing boto kaya ginagamit si [Entity_B]!",TRILLANES,VP BINAY,,,Negative,Negative,Negative,Negative
74,"NGAYON SA - [Entity_A], [Entity_B], [Entity_C] at [Entity_D], inilatag ang mga plataporma sa harap ng mga negosyante. -...",SANTIAGO,BINAY,ROXAS,POE,Neutral,Neutral,Neutral,Neutral
75,"Dear [Entity_A], Why can't you just accept the fact na ayaw sayo ng mga tao? Stop threatening the voters ???",MAR ROXAS,,,,Negative,Negative,Negative,Negative
76,"ofcourse, there's no choice but [Entity_A]. pero kung [Entity_B] vs [Entity_C]? i'd pick [Entity_D] any day ??????",SANTIAGO,BINAY,ROXAS,,Positive,Negative,Negative,Negative
77,"""Mananalo ang karapatdapat"" -[Entity_A] At ang karapatadapat ay si [Entity_B] hahahaha",MAR ROXAS,DU30,,,Positive,Positive,Positive,Positive
78,hahahaha same tayo kay [Entity_A]! Nag [Entity_B] ako sa vice! ?? si [Entity_C] at [Entity_D]. ??,DUTERTE,LENI,MOMMY ROXAS,MARCOS,Positive,Neutral,Neutral,Neutral
79,"Wag ka na lumaban sa pagka pangulo. Dka mananalo, Si [Entity_A] ang mananaig.",VP BINAY,,,,Positive,Negative,Negative,Negative
80,"Para sakin this labanan is between [Entity_A](Disiplina), [Entity_B](utak) at [Entity_C](Puso).",DUTERTE,MDS,POE,,Positive,Positive,Positive,Positive
81,Hakot [Entity_A],POE,,,,Positive,Positive,Positive,Positive
82,"Honestly, why is [Entity_A] so against of [Entity_B]? Ano motive niya?",TRILLANES,MAYOR DUTERTE,,,Negative,Negative,Negative,Negative
83,Vote buying from [Entity_A] . First Time namin nakatanggap na galing sa president,MAR ROXAS,,,,Negative,Negative,Negative,Negative
84,Desperado move ?? [Entity_A] .,MAR ROXAS,,,,Negative,Negative,Negative,Negative
85,Puro lait sa sarili si [Entity_A] :(,BINAY,,,,Negative,Negative,Negative,Negative
86,[Entity_A] cuts short Ilocos trip to prepare for Positivend presidential debate,BINAY,,,,Neutral,Neutral,Neutral,Neutral
87,Ganyan ang president. Hindi takot sa QandA from media. Good job [Entity_A]! GO [Entity_A],MAR ROXAS,ROXAS-ROBREDO,,,Positive,Positive,Positive,Positive
88,"Bat kaya napikon si [Entity_A] kay [Entity_B] dahil ba sa parinig ni [Entity_B] na ""Kahit hindi ako [Entity_A] ATLEAST hindi ako MAGNANAKAW""",BINAY,MAR ROXAS,,,Negative,Negative,Negative,Negative
89,Sana walang dayaang mangyari sa lunes at si [Entity_A] ang manalo wahaha! Pakyu ka [Entity_B] ililipat mo kay [Entity_C] yung mga boto sayo!,DUTERTE,ROXAS,POE,DILAW,Negative,Negative,Negative,Negative
90,KAPAG SI [Entity_A] ANG MANANALO MATUTUWA SI KORING. AT AYOKONG MANGYARI YON. HAHAHAHAHA,MAR ROXAS,,,,Negative,Negative,Negative,Negative
91,Edi iboto si [Entity_A] para walang mapunta kay [Entity_B]. Haha,MIRIAM,ROXAS,,,Negative,Negative,Negative,Negative
92,Bakit dahil kay [Entity_A]? Bakit puro [Entity_A] lagi? ??,BINAY,,,,Negative,Negative,Negative,Negative
93,nye pndak na nog nog parang [Entity_A] lang ahahahha ?,BINAY,,,,Negative,Negative,Negative,Negative
94,,,,,,Neutral,Neutral,Neutral,Neutral
95,Pag nanalo si [Entity_A] or [Entity_B] mag sisimula ako mag graffiti ng anti-gov shit. lol,MAR ROXAS,BINAY,,,Negative,Negative,Negative,Negative
96,Wag mo Boto yan. [Entity_A] tandem tayO,ROXAS-ROBREDO,,,,Positive,Positive,Positive,Positive
97,[Entity_A]: I DON'T NEED OFW VOTE via,MAR ROXAS,,,,Negative,Neutral,Neutral,Neutral
98,"Poor [Entity_A]. Pero parang awa niyo na, wag niyong iboto si [Entity_B] :(",GRACE POE,MAR ROXAS,,,Negative,Negative,Negative,Negative
99,"Unlike his rich rivals, [Entity_A] says he hails from the poor",BINAY,,,,Positive,Neutral,Neutral,Neutral
100,Sawsaw nanaman sa APEC issue 'to si [Entity_A].. Tsk tsk!,BINAY,,,,Negative,Negative,Negative,Negative
101,Route Security was maintained and rendered during the visit of [Entity_A] and Company.,VP BINAY,,,,Neutral,Neutral,Neutral,Neutral
102,Nakakairita si [Entity_A]! Tanga kaba?! Tsktsk. Hindi kana nga mayor! Pati tatay mo nakikisali pa. Punyeta!,BINAY,,,,Negative,Negative,Negative,Negative
103,Grabe kayo kay [Entity_A] ????,BINAY,,,,Positive,Neutral,Positive,Positive
104,"Dapat dinidisqualify c [Entity_A], puro kadayaan ang alam. Hays",MAR ROXAS,,,,Negative,Negative,Negative,Negative
105,Segway: Anong inarte ng tv ad ni [Entity_A] at [Entity_B]?! Sarap pag untugin.,BINAY,MAR ROXAS,,,Negative,Negative,Negative,Negative
106,"Talaga 'to si [Entity_A]! Lahat na lang eh. Pati Oplan Tuli, naki-join din! ?? HAHAHAHAHAHAHA! ??",KOKEY/BINAY,,,,Negative,Negative,Negative,Negative
107,"""But you expect me to jump up on board with you and ride off into your delusional sunset."" (to [Entity_A])",SARA BAREILLES,MAR ROXAS,,,Negative,Negative,Negative,Negative
108,[Entity_A] I'm sure in last debate itaob ni [Entity_A] ang mga Nambatikos sa kanya..[Entity_B] [Entity_C] [Entity_D] manginig na kayo....,PRESIDENTE DUTERTE,MAYOR DIGONG,ROXAS,BINAY,Positive,Neutral,Neutral,Neutral
109,[Entity_A] last to arrive. Didn't grant interview but blew kiss to media,SEN GRACE POE,,,,Neutral,Neutral,Neutral,Neutral
110,"[Entity_A] leads in the latest SWS Presidential survey (Neutral,Positive00 respondents; Feb 5",VICE PRES. JEJOMAR BINAY,,,,Neutral,Neutral,Neutral,Neutral
111,Only [Entity_A] WTF??? HAHAHAHA,BINAY,,,,Negative,Negative,Negative,Negative
112,Idaan niyo din si [Entity_A] kay Karen Davila pls,BINAY,,,,Negative,Neutral,Negative,Negative
113,Ang yaman ni [Entity_A].. Twice ang paid ad in one gap.,BINAY,,,,Negative,Neutral,Negative,Negative
114,Retweet sa mga Badtrip kay [Entity_A] ????,MAR ROXAS,,,,Negative,Negative,Negative,Negative
115,[Entity_A] political ads are sick.,BINAY,,,,Negative,Negative,Negative,Negative
116,Hey [Entity_A] wrong timing ka daw sabi si Delima,BINAY,,,,Negative,Neutral,Negative,Negative
117,Umalma ang kampo ni [Entity_A] sa pahayag ni [Entity_B] na tila may pagkakapareho ang mga transaksyon ni [Entity_C] sa RCBC...,VP BINAY,CAYETANO,BINAY,,Neutral,Neutral,Neutral,Neutral
118,"Shut up, [Entity_A]!",MAR ROXAS,,,,Negative,Negative,Negative,Negative
119,"kung nakaliit liit, tangina junior ni [Entity_A] ????????",BINAY,,,,Negative,Negative,Negative,Negative
120,Bakit pag si [Entity_A] pinag-eexplain pero si [Entity_B] pinipigilan agad. Fast talk nga e. Bias tlaga 'tong si Karen??????,MAR ROXAS,BINAY,,,Negative,Negative,Negative,Negative
121,Senate committee recommends plunder case against [Entity_A] and son | via Eagle News,VP BINAY,,,,Neutral,Negative,Neutral,Neutral
122,,,,,,Negative,Negative,Negative,Negative
123,"Apparently [Entity_A] told Justice Sec. to shut up regarding a certain, controversial case/issue. Lalo nang nagdilim. Naku po.",BINAY,,,,Negative,Negative,Negative,Negative
124,"Kung si may true blue Filipino, only si [Entity_A] ang may true black Presidentiable inside and out.",BINAY,,,,Negative,Neutral,Negative,Negative
125,"MUST READ: [Entity_A] Open Letter to [Entity_B], “You’LL Destroy Philippines If You Cheat”",MANNY PACQUIAO,MAR ROXAS,,,Neutral,Negative,Negative,Negative
126,The road to Malacanang: [Entity_A],MAR ROXAS,,,,Neutral,Neutral,Neutral,Neutral
127,[Entity_A] bucks proposed Neutral4 percent VAT,BINAY,,,,Neutral,Neutral,Neutral,Neutral
128,haha wala akong biometrics. paki boto na lang si [Entity_A] hahah,MAR ROXAS,,,,Positive,Positive,Positive,Positive
129,"Well, [Entity_A]'s rank was quite expected but I can't believe [Entity_B], [Entity_C], and [Entity_D] over [Entity_E]? This is a proof that many ppl has no brains",DUTERTE,ROXAS,POE,BINAY,Negative,Negative,Negative,Negative
130,"Happening now: Welfareville Compound, Mandaluyong. [Entity_A] campaign kick off at 4pm",BINAY,,,,Neutral,Neutral,Neutral,Neutral
131,Naiirita ako sa commercial ni [Entity_A] hello po ano,BINAY,,,,Negative,Negative,Negative,Negative
132,"hoy ! happy birthday ! kabirthday niyo pala si [Entity_A] HAHAHA ?? anyways, stay gorgeous ??",BINAY,,,,Neutral,Neutral,Neutral,Neutral
133,"KAHIT BIRTHDAY NI [Entity_A] NGAYON, I STILL HATE HIM -_- BABATIKUSIN KO PA DIN MGA TVC NIYA HAHAHA =)))",BINAY,,,,Negative,Negative,Negative,Negative
134,"[Entity_A] is not a contender, it will come down to [Entity_B] and may be [Entity_C]. but I say PH lets Vote [Entity_C]",POE,VP BINAY,DUTERTE,,Negative,Negative,Positive,Negative
135,"Wala palang kinalaman kulay ng balat nya, KULAY LANPALANG NG BUDHI NYA AT BUTO! Kaya, No To [Entity_A]! ??",JEJEMON BINAY,,,,Negative,Negative,Negative,Negative
136,[Entity_A] is desperate human being,MAR ROXAS,,,,Negative,Negative,Negative,Negative
137,Pag si [Entity_A] nanalo kokonti ang mahirap sa Pinas.,BINAY,,,,Positive,Positive,Positive,Positive
138,"Kaya pala traffic sa shaw, nagcacampaign yung partylist nila [Entity_A] sa 9 de pebrero",BINAY,,,,Negative,Negative,Negative,Negative
139,NO TO CORRUPTION! YES TO [Entity_A] tandem,ROXAS-ROBREDO,,,,Positive,Positive,Positive,Negative
140,"[LOCAL NEWS] [Entity_A]: Poverty, not corruption, moral issue of the time | via SunStar",BINAY,,,,Neutral,Neutral,Neutral,Positive
141,Question: Do [Entity_A]/[Entity_B]/[Entity_C] attack each other? Hindi noh? They all attack [Entity_D]! to bring us back to dark times...,GRACE,BINAY,DIGONG,,Negative,Negative,Negative,Neutral
142,I think [Entity_A] should concede too. ??,MAR ROXAS,,,,Negative,Negative,Negative,Negative
143,"""Ayaw na natin ng gobyernong manhid""-[Entity_A]",POE,,,,Neutral,Neutral,Neutral,Negative
144,Wag kayo maniwala sa No tax policy niyang si [Entity_A].. Chika niya lang yan! di basta basta narereform ang tax ng ganun..,BINAY,,,,Negative,Negative,Negative,Neutral
145,RT [Entity_A] condemns killing,BINAY,,,,Neutral,Neutral,Neutral,Negative
146,"[Entity_A], [Entity_A], [Entity_A], Maraming nagawa... Yan si [Entity_A]. T*ngna [Entity_A] anong KALOKOHAN TO?! ??",NOGNOG,PANDAK,BINAY,,Negative,Negative,Negative,Neutral
147,pwede pala to gawin pag si [Entity_A] ang iboboto mo,MAR ROXAS,,,,Positive,Neutral,Neutral,Negative
148,"Madalang na mabanggit si [Entity_A] nowadays a... Relevant pa po ba? Sayang yung limang taon na surveys, na utog in the end.",JOJO BINAY,,,,Negative,Negative,Negative,Neutral
149,"Bakit kaya may pagbabantang nagaganap sa mga commercial ni [Entity_A], na pag hindi natuloy ang Daang Matuwid keme keme?",MAR ROXAS,,,,Negative,Negative,Negative,Negative
150,"RT Sec. Edwin Lacierda on [Entity_A]: ""unlike others, he has gone beyond promises, he has fought the bullies and has the",MAR ROXAS,,,,Positive,Positive,Positive,Negative
151,Look who's talking. [Entity_A]'s admin did a good job of exposing [Entity_B]'s filthy deeds ??,AQUINO,BINAY,,,Negative,Negative,Negative,Positive
152,[Entity_A] o [Entity_B] o [Entity_C]?,DUTERTE,MIRIAM,BINAY,,Neutral,Neutral,Neutral,Negative
153,Napansin nyo ang daming pol ads ni [Entity_A]. Pera dugot pawis ntin yun mga kbbyan,BINAY,,,,Negative,Negative,Negative,Neutral
154,"Look at the mirror, [Entity_A] on [Entity_B]: Once a plunderer, always a plunderer",TRILLANES,BINAY,,,Negative,Negative,Negative,Negative
155,I'd say I'm about as fucked as [Entity_A] denying his case against the victims of Yolanda,MAR ROXAS,,,,Negative,Negative,Negative,Negative
156,Only [Entity_A] commercial. huwaaw kinakalaban si Belo sa tagline,BINAY,,,,Negative,Neutral,Negative,Negative
157,Poor [Entity_A] and [Entity_B] couldn't win oscar despite their entertaining campaign.,BINAY,ROXAS,,,Negative,Negative,Negative,Negative
158,"""Yung commercial ni [Entity_A] na [Entity_A] [Entity_A]... Parang taeng pinabanguhan lang."" -Kuya RJ ???? Actually coz everybody knows. ????",BINAY,NOGNOG,PANDAK,,Negative,Negative,Negative,Negative
159,wtf [Entity_A]!,BINAY,,,,Negative,Negative,Negative,Negative
160,Don't bash DJ because he supporting [Entity_A]. Grow up please,MAR ROXAS,,,,Positive,Neutral,Neutral,Negative
161,"nasa Positivend spot na si [Entity_A] wow -.- [Entity_B] lang [Entity_C], wag ka na. lol",MAR ROXAS,LENI ROBREDO,,,Negative,Neutral,Negative,Neutral
162,RT [Entity_A] VS [Entity_B] on,DUTERTE,MAR ROXAS,,,Neutral,Neutral,Neutral,Negative
163,Madaya : Voter files complaint after receipt showed [Entity_A] instead of [Entity_B],ROXAS,DUTERTE,,,Neutral,Negative,Negative,Neutral
164,[Entity_A] with all the loot.,BINAY,,,,Negative,Negative,Negative,Negative
165,"Tito: Tay, sinong iboboto mong President? Tatay: Baka si [Entity_A] Tito: Ha? Bakit? Porket kasing itim mo gusto mo na? HAHAHAHA! OM!",BINAY,,,,Negative,Negative,Negative,Negative
166,"Nagpapalitan lang si [Entity_A] at [Entity_B] sa survey, mahihirapan si [Entity_C] na umusad pa. asahan na ang malawakang vote-buying ng mga desperado",GRACE,BINAY,,,Negative,Negative,Negative,Negative
167,kahit sino na. Wag lang si [Entity_A]. ??,BINAY,,,,Negative,Negative,Negative,Negative
168,Foreigners should not intervene our political practice like [Entity_A] an american [Entity_B]/[Entity_C] lang,GRACE POE,,,,Negative,Negative,Negative,Negative
169,"[Entity_A]. [Entity_A]. [Entity_A]. Pero 'di tulad ng iba, umiiwas sa pagsagot sa alegasyon ng milyon-milyong kinulimbat. 'Yan si [Entity_A].",NOGNOG,PANDAK,LAKI SA HIRAP,BINAY,Negative,Negative,Negative,Negative
170,Grabe yung lamang ni [Entity_A] kay [Entity_B] ??,DU30,POE,,,Neutral,Neutral,Neutral,Negative
171,putangina bat pinuntahan ni [Entity_A] si dj?,MAR ROXAS,,,,Negative,Negative,Negative,Neutral
172,im still thinking who to vote for. Basta hindi si [Entity_A] :),BINAY,,,,Negative,Negative,Negative,Negative
173,Tama na [Entity_A],MAR ROXAS,,,,Negative,Negative,Negative,Negative
174,[Entity_A] [Entity_B] [Entity_C] . LABAN [Entity_D],ROXAS,MIRIAM,MARCOS,LENI,Positive,Neutral,Positive,Negative
175,Only [Entity_A]! Hataw sa Cebu,BINAY,,,,Positive,Positive,Positive,Positive
176,"[Entity_A], [Entity_B] lead in pre-election survey | via http://t.co/CkO09cogEf",POE,BINAY,,,Neutral,Neutral,Neutral,Positive
177,Palasyo sinabing pahayag ng Ombudsman; patama kay [Entity_A] via,VP BINAY,,,,Negative,Negative,Negative,Neutral
178,Si [Entity_A] ba ??,MAR ROXAS,,,,Neutral,Neutral,Neutral,Negative
179,Ngayon ko lang napanuod yung advertisement ni [Entity_A]. Parang hindi ko matanggap na [Entity_A] ako.,BINAY,,,,Negative,Negative,Negative,Neutral
180,HAHAHAHAHA wag lang si [Entity_A] plss ?????? [Entity_B] or [Entity_C] tayo ??,MAR ROXAS,DUTERTE,MIRIAM,,Negative,Negative,Negative,Negative
181,Jusko eto nanaman tong commercial ni [Entity_A],BINAY,,,,Negative,Negative,Negative,Negative
182,tangina sana di manalo si [Entity_A] baka papatay nya ko dahil sa tweet na to,MAR ROXAS,,,,Negative,Negative,Negative,Negative
183,[Entity_A] tutol na ipakita sa publiko ang kaniyang medical records |,SENADOR MIRIAM DEFENSOR SANTIAGO,,,,Neutral,Negative,Neutral,Negative
184,Papa bat si [Entity_A] pa! ??,MAR ROXAS,,,,Negative,Negative,Negative,Neutral
185,[Entity_A] is promising that if he be elected our country will progress. Ha? Tingnan mo nga [Entity_A] City isang napag iwanan na ciudad! Bolero!,MAR ROXAS,,,,Negative,Negative,Negative,Negative
186,Ang galing galing nila Anne. Panalo! Pak! Nakaka-proud si Kuya Kim. Pero kamukha niya na si [Entity_A] niyan. Joke!,BINAY,,,,Negative,Neutral,Negative,Negative
187,"Nakakatakot matulog, baka pagkagising ko si [Entity_A] na nangunguna. Biglang overtake kay [Entity_B] eh. Wag ganun.",ROXAS,POE,,,Negative,Negative,Negative,Negative
188,"kay [Entity_A] ako eh. Umasa ako kay [Entity_B], buti na lang di ako nagpakalbo. XD",MIRIAM,DUTERTE,,,Positive,Neutral,Positive,Negative
189,[Entity_A] you're corrupt. End of story.,BINAY,,,,Negative,Negative,Negative,Positive
190,"PAG NANALO SI [Entity_A] TANGINA ALAM NA, NAGKADAYAAN NA. NAGKABAYARAN PA.",MAR ROXAS,,,,Negative,Negative,Negative,Negative
191,"[Entity_A], if your really care about the Philippines, STOP doing STUPIDITY, COWARD! LOSER! ( [Entity_A] to [Entity_B] ) pitiful candidate",MAR ROXAS,,,,Negative,Negative,Negative,Negative
192,"[Entity_A], you're so stupid. Seriously. Who owns the airport?",MAR ROXAS,,,,Negative,Negative,Negative,Negative
193,"since INC announce that they are endorsing [Entity_A], do you still voting for [Entity_B]?",DUTERTE,MAR ROXAS,,,Neutral,Negative,Negative,Negative
194,Shittt burn si [Entity_A] Kay [Entity_B] ikaw ba naman eh kita mong sunog na sunog na yang si [Entity_C] ee hahahaha,MAR ROXAS,BINAY,,,Negative,Negative,Negative,Negative
195,"Hay sawang sawa nako sa [Entity_A] news pls? Wala bang [Entity_B], [Entity_C], or [Entity_D]? Umay ??",DUTERTE,BINAY,POE,ROXAS,Negative,Negative,Negative,Negative
196,Only [Entity_A] touches my skin who touches yours ? Syempre [Entity_B]... Hahahaha...,BINAY,RODRIGO DUTERTE,,,Negative,Neutral,Negative,Negative
197,Andun si [Entity_A] sa commercial nya eh. Black lang yung bg kaya medyo hindi sya pansin,BINAY,,,,Negative,Neutral,Negative,Negative
198,Bakit todo gastos si [Entity_A] at [Entity_B]? Ano meron? Kasi galangit na pera kapalit niyan! Serbisyong Negosyo. MANDARAMBONG. [Entity_C] LANG TAYO,BINAY,ROXAS,DU30,,Negative,Neutral,Neutral,Negative
199,RT The [Entity_A] commercial featuring oppressed/marginalized Filipinos being called [Entity_A] is plain stupid and outright rude.,BINAY,NOGNOG,,,Negative,Negative,Negative,Negative
200,Pano nandya si [Entity_B] kung mahigit NeutralM na yung kay [Entity_A]?Tapos pangatlo pa lang si [Entity_B]???Wag kasing agad maniniwala sa mga hakahaka.,MAR ROXAS,DUTERTE,ROXAS,,Positive,Neutral,Positive,Neutral
201,"[Entity_A] approves of [Entity_B]'s presidential bid, says he won't endorse [Entity_C]",DUTERTE,MIRIAM,MAR,,Neutral,Neutral,Negative,Negative
202,Teacher man ko bala. So are my parents and my brother. Te pakyu [Entity_A].,BINAY,,,,Negative,Negative,Negative,Negative
203,Happy Birtyday! [Entity_A] hahaha I mean [Entity_A] ????,NOGNOG,PANDAK/BINAY,,,Neutral,Neutral,Negative,Negative
204,patawa talaga tong si [Entity_A]. ni hindi ka nga namin naramdaman nung nasa posisyon ka e. hayuuuup,BINAY,,,,Negative,Negative,Negative,Negative
205,Wag iboto so [Entity_A],JOJO BINAY,,,,Negative,Negative,Negative,Negative
206,"[Entity_A] is being desperate and shows how indecent he is. Also, our current President is tolerating such act because he's the one behind...",MAR ROXAS,,,,Negative,Negative,Negative,Positive
207,"Si [Entity_A] pa galit sa COA. Tinatiming daw. Ano ba dapat, tago muna yung audit report habang campaign period pa? Bwisit",BINAY,,,,Negative,Negative,Negative,Neutral
208,"yung bagong [Entity_A] ad, paawa effect na naman :((",BINAY,,,,Negative,Negative,Negative,Negative
209,,,,,,Neutral,Negative,Negative,Neutral
210,"""My good friends here, [Entity_A] and [Entity_B]"" ayan hindi plastic. ????",MIRIAM,GRACE,,,Positive,Positive,Negative,Negative
211,Na atching ako sa ad ni [Entity_A]. Allergic pala talaga ako sa bullshit.,BINAY,,,,Negative,Negative,Negative,Negative
212,"I have this lingering suspicion debates will be [Entity_A] discussing issues of complexity, [Entity_B] sniping, and [Entity_C]/[Entity_D]/[Entity_E] watching on the telly",ROXAS,MDS,POE,BINAY,Neutral,Neutral,Negative,Negative
213,Mom had dinner with [Entity_A]. Wayuk si mother,SEN. N. BINAY,,,,Positive,Neutral,Neutral,Negative
214,"[Entity_A] tandem are bullies, no class whatsoever.",ROXAS-ROBREDO,,,,Negative,Negative,Negative,Negative
215,Commercial na naman ni [Entity_A],BINAY,,,,Neutral,Negative,Negative,Negative
216,"From a concerned citizen: ""Just to inform lang. Positive0 Millions of Ballots are already program to [Entity_A] and...",MAR ROXAS,,,,Negative,Negative,Negative,Negative
217,"[Entity_A] YAN KA ????????????????????????"" Nakoooo si [Entity_A] po yan! Gago to. Keber ???????? hindi po ako pandak",NOGNOG,PANDAK,BINAY,,Negative,Negative,Negative,Negative
218,Knowing that [Entity_A] is still breathing disappoints me,MAR ROXAS,,,,Negative,Negative,Negative,Negative
219,"Salgado on [Entity_A] being the top spender in political ads: Hindi lang pala selective justice, selective data rin ang nangyari dito",VP BINAY,,,,Negative,Negative,Negative,Negative
220,CA dismisses [Entity_A]'s petition against Ombudsman suspension order [Positive-NeutralNeutral-Positive0Neutral5] [NY-ANeutral800],JUNJUN BINAY,,,,Neutral,Neutral,Neutral,Negative
221,"Hay nako, basta tangina kapag nanalo si [Entity_A].",BINAY,,,,Negative,Negative,Negative,Negative
222,Yung babaeng nasa political ad ni [Entity_A] na nabigyan kuno ng relocation at pabahay,MAR ROXAS,,,,Negative,Neutral,Neutral,Negative
223,Namoka pumapangalawa si [Entity_A],MAR ROXAS,,,,Negative,Negative,Negative,Neutral
224,[Entity_A] Yan si [Entity_A] ??,NOGNOG,PANDAK,LAKI SA HIRAP,BINAY,Neutral,Negative,Negative,Negative
225,[Entity_B] tas [Entity_A] 87NeutralNeutral???? tangina [Entity_A]???,DUTERTE,ROXAS,,,Negative,Negative,Negative,Negative
226,"""LIBRE NA LAHAT."" - [Entity_A] GANUN PO KABOBO ANG TINGIN NI [Entity_A] SA ATING LAHAT. AT BOBO ANG MANINIWALA.",BINAY,,,,Negative,Negative,Negative,Negative
227,"Kautusang lumikha ng Office for Transportation, pinare-review ni [Entity_A] I via Allan Francisco",VP BINAY,,,,Neutral,Neutral,Neutral,Negative
228,wag niyo na ipakita commercial ni [Entity_A] pls. irita talaga ??,BINAY,,,,Negative,Negative,Negative,Negative
229,"Only [Entity_A] touches my skin, who touches yours? ??",BINAY,,,,Negative,Positive,Negative,Negative
230,No to [Entity_A] tandem????,ROXAS-BINAY,,,,Negative,Negative,Negative,Neutral
231,yan si [Entity_A]. XD samoka,BINAY,,,,Negative,Neutral,Negative,Negative
232,[Entity_A] proclaimed datu by Lanao sultanate |,MAR ROXAS,,,,Neutral,Neutral,Neutral,Neutral
233,[Entity_A] too thirsty to win,MAR ROXAS,,,,Negative,Negative,Negative,Negative
234,Kamuka ba ni [Entity_A] si kokey?” Hindi. Wag OA dre!,BINAY,,,,Negative,Neutral,Negative,Negative
235,bagay Kay [Entity_A] bibitayin yan,VP JOJO BINAY,,,,Negative,Negative,Negative,Negative
236,"They say when you find that guy who makes you mad and makes you laugh at the same time, he's the one. [Entity_A], ikaw na ata. ??????",MAR ROXAS,,,,Positive,Neutral,Positive,Negative
237,"Wala akong mapili kayna [Entity_A], Santiago, at [Entity_B]. Basta ako ay ""Kahit sino wag lang si [Entity_C].""",BINAY,SANTIAGO,DUTERTE,ROXAS,Negative,Neutral,Negative,Negative
238,I'll never understand [Entity_A]' publicity stunts,MAR ROXAS,,,,Negative,Negative,Negative,Negative
239,Panu kasi si [Entity_A] walang kabuhay-buhay ang speech.,BINAY,,,,Negative,Negative,Negative,Negative
240,"A word to describe [Entity_A], [Entity_B] said: ""Greed.""",VP BINAY,TRILLANES,,,Negative,Negative,Negative,Negative
241,Yung dummy account na galit na galit kay [Entity_A] ??,BINAY,,,,Negative,Neutral,Negative,Negative
242,"If you don't want for [Entity_A] or [Entity_B] to win this Election, then don't vote for [Entity_C]. Vote for [Entity_D] instead.",POE,ROXAS,MIRIAM,DUTERTE,Negative,Neutral,Positive,Neutral
243,RT gusto kong lalake kagaya ni [Entity_A] ??,BINAY,,,,Positive,Neutral,Positive,Neutral
244,"GRABE SI [Entity_A], NAGPULA LANG NG SUOT KIT KAT NA KAAGAD! GRABE SIYA OH!",BINAY,,,,Negative,Neutral,Negative,Negative
245,Ang Pangulo ko ay si [Entity_A]. Ishare mo to sa Positive5 na tao within Negative0mins at magkakaron ka ng SOBRE. Wag kang tumawa kapitbahay ko meron na.,BINAY,MAR ROXAS,,,Negative,Positive,Positive,Neutral
246,LABAN [Entity_A]! UNGASAN MO SI [Entity_B]!,BINAY,MAR ROXAS,,,Positive,Neutral,Neutral,Neutral
247,hahahahaahavahahahahahahhaha may hawig yung kay [Entity_A],BINAY,,,,Neutral,Neutral,Neutral,Negative
248,4 govt agencies after investigation w evidence says [Entity_A] is corrupt.,BINAY,,,,Negative,Negative,Negative,Negative
249,"Wow if an anti-[Entity_A] ad is released, much accepted. But if an anti-[Entity_B] ad is released, it is a form of sabotage. Equality, you say? Yuck",BINAY,,,,Negative,Negative,Negative,Negative
250,"Jusko eto tayo. Labanan ng intro si [Entity_A]. Sa second paragraph, wala na connect",BINAY,MAR ROXAS,,,Negative,Negative,Negative,Negative
251,"[Entity_A]'s appeal for a dialogue ""anytime and anywhere"" with [Entity_B]...",BINAY,,,,Neutral,Neutral,Negative,Negative
252,Jajajhha pera pera tlga Tong si [Entity_A],BINAY,,,,Negative,Negative,Negative,Negative
253,Moderator Coco Alcuaz said [Entity_A] requested that they present their platforms one by one,BINAY,,,,Neutral,Neutral,Neutral,Negative
254,The question is not whether [Entity_A] is bad but whether he will be badder,BINAY,,,,Negative,Negative,Negative,Negative
255,SC asked to oust [Entity_A] from Boy Scouts of the Philippines,BINAY,,,,Negative,Negative,Negative,Neutral
256,"[Entity_A], iginiit na wala siyang kinalaman sa desisyon ng anak sa kaso ni [Entity_B]",BINAY,,,,Neutral,Neutral,Neutral,Neutral
257,Hayop na [Entity_A] to pumapangalawa!,BINAY,,,,Negative,Negative,Negative,Negative
258,"Alam na. [Entity_A], Arroyo, Garci unite: [Entity_A] taps Puno as campaign adviser",BINAY,ARROYO,GARCI,BINAY,Neutral,Neutral,Neutral,Neutral
259,"[Entity_A] is More Deserving than [Entity_B] & [Entity_C], No To Sayang [Entity_A] .. MyPresidentIs [Entity_A]",BINAY,MAR ROXAS,,,Negative,Neutral,Neutral,Neutral
260,Hay naku [Entity_A],BINAY,,,,Negative,Negative,Negative,Negative
261,Vote niyo po si Vice President [Entity_A]? full force required love y'all,VP BINAY,,,,Positive,Positive,Positive,Negative
262,Puneta 'tong si [Entity_A]. Hays.,BINAY,,,,Negative,Negative,Negative,Negative
263,Nog Nog. Pandak. Ulul nyo Yan si [Entity_A],BINAY,,,,Negative,Negative,Negative,Negative
264,"Si [Entity_A] parang pag mamahal ko, wala na kong choice.",BINAY,,,,Neutral,Neutral,Neutral,Negative
265,Souvenir from Vice President [Entity_A],VP BINAY,,,,Neutral,Neutral,Neutral,Neutral
266,"Since I am not a registered voter yet, i requested him to vote [Entity_A]/[Entity_B] for pres and [Entity_C] for VP. boooo [Entity_D].",BINAY,,,,Positive,Neutral,Neutral,Negative
267,SC orders CA to resolve the child of [Entity_A]'s suspension - Read:,BINAY,,,,Neutral,Neutral,Neutral,Neutral
268,Nakakainis yung commercial ni [Entity_A],BINAY,,,,Negative,Negative,Negative,Neutral
269,Yak naman [Entity_A]. Yakkk,BINAY,,,,Negative,Negative,Negative,Negative
270,"Bakit feeling ko, hindi naman sinasagot ni [Entity_A] ang mga tanong ni Mike? Ako lang ba to o kayo din? Hmmm.",BINAY,,,,Negative,Negative,Negative,Negative
271,"Lintek to si [Entity_A]. Tatakbo ng presidente, pinagmamalaki parin yung ginawa niya sa makati taon taon nang nakalipas.",BINAY,,,,Negative,Negative,Negative,Negative
272,"Ever since i started voting, i do not like [Entity_A].. I sensed the dishonesty and hypocricy in him even before",BINAY,,,,Negative,Negative,Negative,Neutral
273,"Itinuturong dummy ni [Entity_A], pumalag",BINAY,,,,Neutral,Neutral,Neutral,Negative
274,"[Entity_A], it's either your team failed at research or you purposely got it wrong. But knowing you, it must b the latter",BINAY,,,,Negative,Neutral,Negative,Negative
275,"[Entity_C]: ""my friends here, [Entity_D] and [Entity_E]."" Sorry [Entity_A] and [Entity_B] di mo friends",BINAY,MAR ROXAS,MIRIAM,GRACE,Negative,Negative,Negative,Negative
276,"Pag yang resulta naiba pa, at si [Entity_A] ang maging nangunguna, alam na!!",BINAY,,,,Negative,Negative,Negative,Negative
277,NEWS: [Entity_A] to face Enrile grilling when probe reopens | via,BINAY,,,,Neutral,Neutral,Neutral,Negative
278,naalala ko sabi ng mga taga ARMM...si [Entity_B] ang may plan b-z! Baba daw si [Entity_C].impeach daw si [Entity_A].,BINAY,,,,Negative,Negative,Negative,Negative
279,Si [Entity_A] yung kaklase nating magtetake ng risk para lang may masabi sa recitation dahil masyadong bilib sa sarili kaya 'di na nag-iisip.,BINAY,,,,Negative,Negative,Negative,Negative
280,at ang nakakaimbyerna talaga ay yung pagdedefend niya kay [Entity_A],BINAY,,,,Negative,Negative,Negative,Negative
281,May bago palang advert si [Entity_A]? Hahahaha. hahaha joke,BINAY,,,,Negative,Negative,Negative,Negative
282,Brigada News Update! - 4P's tinuligsa ng kampo ni VP [Entity_A] -,BINAY,,,,Neutral,Neutral,Neutral,Negative
283,just confirmed. [Entity_A] tarps on the mountain side along Kennon road,BINAY,,,,Negative,Neutral,Neutral,Negative
284,"[Entity_A] ad says, sino na ba ang nagbigay ng scholarship... Uhm excuse me po, not you. It's gov funds",BINAY,,,,Negative,Negative,Negative,Negative
285,VP [Entity_A] reiterates denial of owning hacienda in Batangas | via GMA News,VP BINAY,,,,Neutral,Neutral,Neutral,Negative
286,shut up [Entity_A] uy,BINAY,,,,Negative,Negative,Negative,Negative
287,GAGO [Entity_A] TALAGANG LIBRE ANG PAG-AARAL SA PUBLIC SCHOOLS/SCUs! GAGO BA U?,BINAY,,,,Negative,Negative,Negative,Negative
288,Puro sympathy attack na lang tong si [Entity_A] jusme. Bobotante lang maniniwala,BINAY,,,,Negative,Negative,Negative,Negative
289,Nung si tado niloko ka nagalit ka. Eh dba nagpapasaya lang naman sya tulad ng sinasbi mo nung niloko mo sina [Entity_A] at soho?,BINAY,,,,Negative,Negative,Negative,Neutral
290,Bakit Pangalawa si. [Entity_A] ANO TO,BINAY,,,,Negative,Negative,Negative,Negative
291,Pick up line ba yan [Entity_A]?,BINAY,,,,Neutral,Neutral,Neutral,Negative
292,CA ordered to rule on [Entity_A] petition for certiorari over Ombudsman's suspension order | Live,BINAY,,,,Neutral,Neutral,Neutral,Negative
293,so tired of reading kim henares vs pia. how bout you find out why police can't find [Entity_A]'s bagmen.,BINAY,,,,Negative,Negative,Negative,Negative
294,Hala Positivend na si [Entity_A].... 7.Neutral Million .... Neutralst si [Entity_B] Million votes sa partial and unofficial votes.,BINAY,,,,Neutral,Neutral,Neutral,Neutral
295,[Entity_A]: It's time to amend our Constitution,BINAY,,,,Neutral,Neutral,Neutral,Neutral
296,Only [Entity_A] is nognog pandak laki sa hirap,BINAY,,,,Negative,Negative,Negative,Negative
297,[Entity_A] calling for unity to stop [Entity_B] just shows how weak leader he can be.,BINAY,MAR ROXAS,,,Negative,Negative,Negative,Negative
298,"Jogging with iPad. Hassle, [Entity_A].",BINAY,,,,Neutral,Negative,Negative,Negative
299,ANDAMING CONCEPTS NG SERIES NG TVC NI [Entity_A]. Hindi ko matanggap na wala man lang done in good taste. HIRE ME PLEASE AND PAY MEEEEE,BINAY,,,,Negative,Neutral,Negative,Negative
300,"[Entity_A], [Entity_B] and [Entity_C], get out of here. You have no business here.",BINAY,MAR ROXAS,POE,,Negative,Negative,Negative,Negative
301,Ang sakit [Entity_A],BINAY,,,,Negative,Negative,Negative,Negative
302,[Entity_A]! I smell something fishy!,BINAY,,,,Negative,Negative,Negative,Neutral
303,"Isa kila [Entity_A] at [Entity_B] ay mag gigive way just to defeat [Entity_C], desperate ah.",BINAY,MAR ROXAS,,,Negative,Negative,Negative,Negative
304,"DepEd NETIZENS PUMALAG - Umani ng batikos ang kampanya ni [Entity_A] ngayon sa Marawi Lanao del Sur, ""Non-partisan...",BINAY,,,,Negative,Negative,Neutral,Negative
305,,,,,,Neutral,Neutral,Neutral,Neutral
306,Ang haggard ko kanina dahil kay [Entity_A]. Kingama lang!,BINAY,,,,Negative,Negative,Negative,Negative
307,TSK! Sayang boto talaga kay [Entity_A],BINAY,,,,Negative,Negative,Negative,Negative
308,"A very good and detailed breakdown for the undecided on why choose [Entity_A], with information and specifics. You...",BINAY,,,,Positive,Positive,Positive,Negative
309,bat ikaw? Baka [Entity_A] ka ah? Shut Up ka nalang din,BINAY,,,,Negative,Negative,Negative,Negative
310,[Entity_A]: I DON'T NEED OFW VOTE via,MAR ROXAS,,,,Negative,Neutral,Neutral,Negative
311,"Nakaka bwisit lang mga commercial ni [Entity_A], sarap batuhin yung tv.",BINAY,,,,Negative,Negative,Negative,Negative
312,"KAHIT NAKASARA YUNG TV NAMIN, ANDUN PA RING YUNG ADVERTISEMENT NI [Entity_A] NOGNOG KA TLGA [Entity_A]",BINAY,,,,Negative,Negative,Negative,Negative
313,[Entity_A] threathening? Di siya ganun katanga! Nautusan nanaman tong Ombudsman na to ng mga DILAW!,BINAY,,,,Negative,Negative,Negative,Negative
314,4p's to 5p's?! Ulul. Wag kami [Entity_A].,BINAY,,,,Negative,Negative,Negative,Negative
315,"Actress Ai-ai delas Alas says she's here as a friend of VP [Entity_A], says she didn't get talent fee to appear here",BINAY,,,,Positive,Neutral,Neutral,Negative
316,"[Entity_A]: ""Bilang pangulo..."" OKAY, PERO NUNG NANDYAN KA SA POSISYON MO, WALA NAMANG NANGYARI",BINAY,,,,Negative,Negative,Negative,Neutral
317,[Entity_A] tapos INC si kat nyay??,BINAY,,,,Neutral,Neutral,Neutral,Positive
318,"[Entity_A]: Vice president sa umaga, di makita sa gabi ayoko na po",BINAY,,,,Negative,Negative,Negative,Neutral
319,pano yung remaining PH 5B kapag hindi nanalo si [Entity_A]? Sa bulsa Ni [Entity_B] ganern?,BINAY,,,,Negative,Negative,Negative,Positive
320,"nakita ko nanaman ung advertisement ni [Entity_A], kung sino pa ung nognog sya pa ung nagbigay liwanag, bakit cactus ba sya???????",BINAY,,,,Negative,Negative,Negative,Neutral
321,Anong konek ng pagiging nognog at pandak ni [Entity_A] sa mga nagawa 'daw' nya sa Makati? Paki-explain. Labyu :D,BINAY,,,,Negative,Negative,Negative,Neutral
322,My birthday wish for [Entity_A]: Hindi sana ikaw ang manalong pangulo ng Pilipinas.,BINAY,,,,Negative,Negative,Negative,Negative
323,"magsama sila ni [Entity_A].. tutal kapartida nya yun painumin din mya ng pills, jamming sila! HAHAHAHAHAHAHAHA",BINAY,,,,Negative,Negative,Negative,Negative
324,[Entity_A] is like a desperate dog trying to steal the crown owned by [Entity_B],BINAY,,,,Negative,Negative,Negative,Neutral
325,[Entity_A] Caught on Camera Giving Out Tiny Envelopes Containing P500.00: Presidential candidate Vice Pr...,BINAY,,,,Negative,Negative,Negative,Negative
326,"Ugggh! Bat kahit anong sabihin ni [Entity_A] at ni [Entity_B], di ko magawang maniwala.",BINAY,,,,Negative,Negative,Negative,Neutral
327,May dayaan talagang magaganap Gagawa ng paraan si [Entity_A] wag lang Manalo si [Entity_B].. poor poor [Entity_A],BINAY,,,,Negative,Negative,Negative,Negative
328,ano ba yan bat ba puro mukha ni [Entity_A] nasa tl ko,BINAY,,,,Negative,Negative,Negative,Neutral
329,Nakakaymtawa mga sagot ni [Entity_A]. Walang kwenta,BINAY,,,,Negative,Negative,Negative,Negative
330,I make things happen. I walk the talk. - [Entity_A],BINAY,,,,Positive,Neutral,Neutral,Negative
331,"ayoon, badtrip talaga ad ni [Entity_A]",BINAY,,,,Negative,Negative,Negative,Negative
332,Tangina [Entity_A] ahahhahaha,BINAY,,,,Negative,Negative,Negative,Negative
333,"Pansin ko lang, si [Entity_C] laman lage ng blita niyo? Umay nako, [Entity_A], [Entity_B] at [Entity_D] naman.. gsPositive ko dn mlmn ibang baho nila",BINAY,MAR ROXAS,BINAY,,Negative,Negative,Negative,Negative
334,[Entity_A] enticed people w/ 500php but didn't pay them afters. they rallied in baguio.,BINAY,,,,Negative,Negative,Negative,Negative
335,"Here's [Entity_A]'s response to [Entity_B]: ""Anytime pwede namang mag-usap, pero sa puntong ito, ano pa ba ang pag-uusapan natin?""",BINAY,MAR ROXAS,,,Neutral,Neutral,Neutral,Positive
336,[Entity_A] para sa pagbabago Umay na ko sa mukha ni [Entity_B] at Binay!,BINAY,,,,Positive,Neutral,Neutral,Negative
337,HAHAHAHA ABA VANISHING [Entity_A],BINAY,,,,Negative,Negative,Negative,Negative
338,"Pano hindi ka kase humaharap sa korte! Wag kami [Entity_A], wag kami.",BINAY,,,,Negative,Negative,Negative,Positive
339,What if maapsan ni [Entity_A] ang votes ni mayor? world war III na ba? hahahaha,BINAY,,,,Neutral,Neutral,Negative,
340,Umay na umay nako sa advertisement ni [Entity_A],BINAY,,,,Negative,Negative,Negative,
341,Too sad to know that [Entity_A] is at the bottom. That should be [Entity_B] spot. Totoo nga ang stupid is forever.,BINAY,,,,Negative,Negative,Negative,
342,Nakakaloka naman. Kampanya pa more. Idaan sa drama ang lahat. Sino kaya gaganap ng [Entity_A] next week?,BINAY,,,,Negative,Negative,Negative,
343,nandyan lang si [Entity_A],BINAY,,,,Neutral,Neutral,Neutral,
344,[Entity_A] should be more original and stop using any reference to daan,BINAY,,,,Negative,Negative,Negative,
345,"Days ago si [Entity_A] nangunguna sa TV ads. Then suddenly ngayon, biglang si [Entity_B] na lang? Biglang no mention...",BINAY,,,,Negative,Neutral,Negative,
346,"In samaiego OMB decision executory pending R4Negative invoking ao Neutral7. In [Entity_A], SC said CA has jurisdiction in apps for remedy.",BINAY,,,,Neutral,Neutral,Neutral,
347,INIS. Inis yung feeling kapag nakakabasa ako ng [Entity_A] articles. Puro comparison at paninira sa ibang partido. Tsk tsk tsk,BINAY,,,,Negative,Negative,Negative,
348,Putek na advertisement ng [Entity_A] na to. Puro Pandak ung mga sinasabi! Hayop!!!,BINAY,,,,Negative,Negative,Negative,
349,TENGENENG [Entity_A] TO ABUSADO SA PATALASTAS HAHA,BINAY,,,,Negative,Negative,Negative,
350,Magulat kayo biglang si [Entity_A] nanalong Presidente sa official results.,BINAY,,,,Neutral,Negative,Negative,
351,"RT Si [Entity_A], sinungaling. Si apl.de.ap ang tinutukoy ng ad nya. Ang ad nyang nakakaumay nang makita pag nanonood ng TV!",BINAY,,,,Negative,Negative,Negative,
352,Ginaya ni [Entity_A] yung Ad ng ACS. Neta!! Walang originality!! Boseeeet! [Entity_B] TILL THE END. ANO ABS-CBN!,BINAY,,,,Negative,Neutral,Neutral,
353,[Entity_A]: More poor Filipinos under [Entity_B] administration,BINAY,AQUINO,,,Negative,Neutral,Neutral,
354,Todo bully ang mga tao kay [Entity_A]! Di naman nakakatuwa!,BINAY,,,,Negative,Neutral,Negative,
355,RT: Nahhigh blood ako sa commercial ni [Entity_A],BINAY,,,,Negative,Negative,Negative,
356,Bakit ang payat at haggard ni [Entity_A]?,BINAY,,,,Negative,Neutral,Negative,
357,Ayaw pa pala magconcede ni [Entity_A].. :D,BINAY,,,,Negative,Negative,Negative,
358,yung bagong commercial ni [Entity_A] :-----(((( HAHAHAHAHHAHAHAHAHAHAKAWAWANG BINAY HAYS,BINAY,,,,Negative,Negative,Negative,
359,ate number Positive po c [Entity_A] sa presinto namin sa Cavite City NeutralNegativePositive si [Entity_B] NeutralNeutral5 si [Entity_A],BINAY,,,,Neutral,Neutral,Neutral,
360,Ayaw na nilang lagyan ng mukha ni [Entity_A] yung TV commercial niya. Nice effort [Entity_A] PR Team.,BINAY,,,,Negative,Negative,Negative,
361,"Not sure yet but definitely not [Entity_A], [Entity_B], or [Entity_C].",BINAY,MAR ROXAS,DUTERTE,,Negative,Negative,Negative,
362,"Yung paningin ko pag pinapalabas ung tv ad ni [Entity_A], parang ung tv ad nya rin lng. MADILIM.",BINAY,,,,Negative,Negative,Negative,
363,Yung bakla kanina sa salon g na g kay [Entity_A]. Si [Entity_B] daw ang MA's karapat dapat. Magkano kaya nakuha nya. Hahahahahaha. Hays,BINAY,,,,Negative,Neutral,Negative,
364,"Unlike his rich rivals, [Entity_A] hails from the poor",BINAY,,,,Positive,Neutral,Neutral,
365,"tells [Entity_A] on BUB: It's participatory governance, and not a money making, corruption undertaking. | via",BINAY,,,,Neutral,Neutral,Neutral,
366,I'd rather [Entity_A]-[Entity_B],DUTERTE,CAYETANO,,,Positive,Positive,Positive,
367,Senador [Entity_A] tutol na ipakita sa publiko ang kaniyang medical records |,SENADOR MIRIAM,,,,Negative,Neutral,Neutral,
368,"""Ayaw na natin ng gobyerno na manhid."" - [Entity_A]",POE,,,,Positive,Neutral,Neutral,
369,shut up [Entity_A]. Hahaha chat mo ko,MAR ROXAS,,,,Negative,Negative,Negative,
370,lagot ka kay [Entity_A],MAR ROXAS,,,,Neutral,Negative,Negative,
371,"[Entity_A], nilinaw na mas malala kung magiging presidente si [Entity_B] kaysa [Entity_C] | via DZMM TeleRadyo",BINAY,MAR ROXAS,,,Negative,Neutral,Neutral,
372,Here comes [Entity_A],BINAY,,,,Neutral,Neutral,Positive,
373,Sorry [Entity_A] pero di ko pa din gets kung ano kinalaman ng pagiging nognog mo sa pagiging presidente ng pilipinas.,BINAY,,,,Negative,Negative,Negative,
374,"Nognog. Pandak. Laki sa hirap. ""Madaming nagawa"" pero mas maraming TV Ads. Yan si [Entity_A]! Sobrang agit ko! umayos ka",NOGNOG,PANDAK,BINAY,,Negative,Negative,Negative,
375,Namo [Entity_A]!,BINAY,,,,Negative,Negative,Negative,
376,Simple rule wala pa dpt mangngampanya and yet pol ads evrywhere. Do not vote for them. [Entity_A] [Entity_B] [Entity_C],BINAY,,,,Negative,Negative,Negative,
377,I therefore conclude that [Entity_A] is very good in the business of stealing.,BINAY,,,,Negative,Negative,Negative,
378,"Hindi ka naman mananalo [Entity_A] e, so shut up ka nalang",BINAY,,,,Negative,Negative,Negative,
379,I VOTE [Entity_A]! Actually four of us!,MAR ROXAS,,,,Positive,Positive,Positive,
380,hahahahhahaha [Entity_A] corrupt politician liar magnanakaw sa kaban nang bayan!,BINAY,,,,Negative,Negative,Negative,
381,[Entity_A] doesn't have the funds to air his own VP ad yet has money to pay for anti-[Entity_B] ad? Labo di ba?,BINAY,,,,Negative,Negative,Negative,
382,RT: hahaha miss you [Entity_A]!!,BINAY,,,,Positive,Positive,Positive,
