Unshaded votes and votes for [Entity_A] goes to [Entity_B] according to some reports of ballot tests.,Negative,Neutral,Neutral
"well there's other good choices like [Entity_A] or [Entity_A]. But both of them are still undecided, I think? :( :(",Neutral,Neutral,Neutral
[Entity_A]. Pandak. Laki sa hirap. Pero corrupt. Yan si [Entity_A]!!!,Negative,Negative,Negative
Ex-[Entity_A] aide turns tables on Mercado |,Neutral,Neutral,Neutral
"[Entity_A] in Isabela radio interview: Yong iba, nangangako pa. Nagawa ko na ho lahat yon.",Positive,Positive,Positive
Poor [Entity_A]??,Negative,Negative,Negative
"RT Juskopo! Gugustuhin kong ma-Clark, ma-Leah, pwede na ding ma-Popoy o ma-Basha kahit masakit. Ayoko ma [Entity_A]! EVER!!!",Negative,Negative,Negative
"ISA LANG MASASABI KO SA AD NI [Entity_A], P U T A. Bobo lang ang boboto kay [Entity_A].",Negative,Negative,Negative
Only [Entity_A],Positive,Positive,Positive
I am not for [Entity_A]. I am sharing soundbites from what we've gathered in going around barangays.,Negative,Negative,Negative
"[Entity_A], [Entity_b], set commit to attend presidential debates",Neutral,Neutral,Neutral
"Kahit anong paninira nyo kay [Entity_A] solid prin kame Yung Chanel Positive nayan mga bobo kayo bat hindi si [Entity_B] [Entity_C], [Entity_D] gawan nyo ng commercial?",Negative,Negative,Negative
"[Entity_A] will take over kris' morning talk show ""halika usap tayo""",Neutral,Neutral,Neutral
hahahaha! ako si [Entity_A] po.,Positive,Positive,Positive
Anybody who plans to vote for [Entity_A] is definitely an utter moron.,Negative,Negative,Negative
Made my night!!! Yan si [Entity_A] ! ????????,Negative,Positive,Positive
"I will support your decisions babies, but sorry to say, [Entity_A] is not fit to be president! ??",Negative,Negative,Negative
"Boy: Ano ba talaga gusto mo sa lalaki? Girl: Nognog,Pandak,Laki sa hirap at di tulad ng iba marami na nagawa. HAHAHAHAHHAH ???? si [Entity_A] be??",Negative,Negative,Negative
hay nako basta ako [Entity_A] ako . [Entity_A] tayo . hahaha,Positive,Positive,Positive
daang baluktot ni [Entity_A],Negative,Negative,Negative
Eh si [Entity_A] ?? Hahaha,Negative,Negative,Negative
NAMISS KO MAAM [Entity_A]!!! HUHU SOCIAL PSYCH,Positive,Positive,Positive
[Entity_A] IS LOVE,Positive,Positive,Positive
Panira ng mood tong commercial ni [Entity_A]. Sige ikaw na mahirap. IKAW NA!!!,Negative,Negative,Negative
[Entity_A] advisers say they're more than a match for [Entity_B],Neutral,Neutral,Neutral
DECENT?WHICH PART OF [Entity_A] IS DECENT?NONE.SO SHUT UP NALANG.,Negative,Negative,Negative
"I strongly disagree on electing [Entity_A] for president. Atheist siyat! Guys, come on!",Negative,Negative,Negative
[Entity_A] FOR PRESIDENT Positive0Neutral6,Positive,Positive,Positive
[Entity_A] praises [Entity_B] work in UNA: He's really good -,Positive,Positive,Positive
Yan si [Entity_A]. ??,Negative,Negative,Negative
"gnun tlaga, pag galit ka sa tao, pupuna ka ng mga pangit sa paningin mong feature nya...parang kay [Entity_A], yung pag ka dark nya :D",Negative,Negative,Negative
[Entity_A] you should tell [Entity_B] camps. Walang magnanakaw sa partida lalo na ang [Entity_C] tandem vote [ENTITY_C]],Negative,Neutral,Positive
[Entity_A] takes campaign to Laguna with dismissed guv [Entity_B] I,Neutral,Neutral,Neutral
Ang kakapalan ni [Entity_A] ay wagas... pati sa araw ng Undas!,Negative,Negative,Negative
THE STANDARD: UPDATE: [Entity_A] to start his election campaign in Mandaluyong City.,Neutral,Neutral,Neutral
"[Entity_A]: Sa dami ng problema na iiwanan, kailangan ng pangulo na itataas ang kalidad ng buhay ng Pilipino.",Positive,Positive,Positive
"crowd sourcing: kaninong ad mas nakakasuka, kay [Entity_A] o kay [Entity_B]?",Negative,Negative,Negative
"""How can [Entity_A] stop corruption naman diba?"" -[Entity_B]",Neutral,Neutral,Neutral
We still support [Entity_A] . You can't bring a good man down. :),Positive,Positive,Positive
Bakit laging itim yung background color ng mga commercials ni [Entity_A]? Hmm,Negative,Negative,Negative
"Alam mo [Entity_A], isa ka din sa problema eh. ??",Negative,Negative,Negative
"[Entity_A], Also be wary of friends and [Entity_B], este, foes.",Negative,Negative,Negative
or the [Entity_A] uplb roast. please.,Neutral,Neutral,Neutral
NAKO NAHIYA YUNG KAPAL NG PERA NI [Entity_A] SAYO.,Negative,Negative,Negative
Pag tumakbo ang [Entity_A] or [Entity_B] Punyeta! Blangko ang balota ko mula senator pababa! Pres-VP lang may laman! Cant wait!,Negative,Negative,Negative
[Entity_A] camp condemns killing of Laguna councilor bet |,Neutral,Neutral,Neutral
ask the yellow army and they'll tell you that that's a smear job against [Entity_A],Negative,Neutral,Neutral
Hoy [Entity_A].. Wag mo kaming dinadamay sa pagka Nognog mo! Muka mo.,Negative,Negative,Negative
"RT Mas kilalanin si [Entity_A] sa ikalawang episode ng ""Kandidato.""",Neutral,Neutral,Neutral
[Entity_A] pointed out that traffic has been a recurring problem in the country even before today,Neutral,Neutral,Neutral
[Entity_A] ads is paawa .. attack sa sarili para maawa ang tao,Negative,Negative,Negative
[Entity_A] is much worse than [Entity_B].,Negative,Negative,Negative
"Nf ko ""[Entity_A] , [Entity_B], [Entity_C]"" ??",Neutral,Neutral,Neutral
dito lang ba may brownout? ito na kaya ang simula ng malawakang dayaan? baka biglang lumamang c [Entity_A]?,Negative,Negative,Negative
May bago na namang tv ad si [Entity_A]. Yung totoo? Nakamagkano ka na... po? ??,Negative,Negative,Negative
"WALA TAYONG MAAASAHAN KAY [Entity_A], MAUUBOS LANG PERA NATIN KAKAKURAKOT NIYANG KINGINANG NIYAN",Negative,Negative,Negative
"Bagong pakulo na naman ni [Entity_A], magsama na lang kayo ni [Entity_B]! ??",Negative,Negative,Negative
sino ngaun nagmukhang tanga at duwag sa ginagawa mo na yan [Entity_A] hahaha lalo lang dadami boboto kay [Entity_B],Negative,Negative,Negative
"My shit list of politicians who should be vanished from the Philippine gov't forever: [Entity_A], [Entity_B], [Entity_C]",Negative,Negative,Negative
sabi ni [Entity_A] mahirap sya tapos yung properties daw nya galing sa mana. Ang labo ng script nya noh!,Negative,Negative,Negative
[Entity_A]: It's possible that I will vote in favor of [Entity_B]; I will decide based on evidence submitted | via Joseph_Morong,Neutral,Neutral,Neutral
Only [Entity_A] winner,Positive,Positive,Positive
RT Bakit dahil Kay [Entity_A] Marami pa ring single? Hahahhahaha,Negative,Negative,Negative
"[Entity_A], libre gamot? Libre pahospital? Tapos no income tax? WEHHH",Negative,Negative,Negative
"[Entity_A], [Entity_B] meet in Davao",Neutral,Neutral,Neutral
Parang si [Entity_A] nalang ang candidate for President na walang TV campaign advertisement.,Positive,Positive,Positive
[Entity_A]: More poor Filipinos under Aquino administration |,Neutral,Neutral,Neutral
Sisihin si nognog [Entity_A] hahaha ????????????????????,Negative,Negative,Negative
[Entity_A] : [Entity_B] is for democracy and for clean and transparent governance Switch to [Entity_A] and [Entity_C] na!,Positive,Positive,Positive
Dapat si [Entity_A] yung pinaka kulelat jan eh ?? Pero wala malakas ang dayaan! ??,Negative,Negative,Negative
E ayoko kay [Entity_A] .,Negative,Negative,Negative
"I know AlDub doesnt what to go into politics, but me as a Filipino voter, i really dont like [Entity_A]. He is so corrupt!",Negative,Negative,Negative
"[Entity_A] on [Entity_B] possible support for ""Next question please.",Neutral,Neutral,Neutral
"RT Natapos na PBB, pandak at nognog pa din sa [Entity_A]",Negative,Negative,Negative
"yeah right. And pls Lang, it was that party who was really for [Entity_A]. You have always been pro-[Entity_B]. Kadiri.",Negative,Negative,Negative
"Dismissed [Entity_A], sinampahan ng bagong plunder complaint sa Office of the Ombudsman [Neutral8-NeutralPositive-Positive0Neutral5] [NY-ANeutral86Neutral]",Neutral,Neutral,Neutral
"RT Pag naririnig ko yung hotline bling, si [Entity_A] nasa isip ko hahahaha. ??",Negative,Neutral,Neutral
[Entity_A] - Marginalized Sector,Neutral,Neutral,Neutral
Sana may debate ng mga kandidato. Go [Entity_A] tandem,Positive,Positive,Positive
"""Hindi ko kayo nanakawan"" -[Entity_A] my reaction: bakit kaya mo bang akyatin lahat nang bahay nang Pinoy?",Negative,Negative,Negative
"HAY BUHAY NGA NAMAN!! SBI NI [Entity_A] E ""MAY BAGONG UMAGANG PARATING!"", YUNG KAY [Enityt_B] ""PARATING NA PARATING NA!"" BUHAY NGA NAMN???????????",Negative,Negative,Negative
"Isyu ngayon mga dilaw Bigas ind bala , ang kurakot na si [Entity_A], ang Amerikanang [Entity_B].. wag ilihis ang isyu sa napakatagal na ..
terte",Negative,Negative,Negative
Wag ka lang talaga mandaya [Entity_A]! Kaloka ka.,Negative,Negative,Negative
"Any reason why [Entity_A], [Entity_B], [Entity_C], and [Entity_D] did not attend the debate at Lasalle?",Neutral,Neutral,Neutral
"Why choose [Entity_A], [Entity_B], [Entity_C] over [Entity_D] Damn.",Negative,Negative,Negative
"[Entity_A] to give benefits, scrap income tax for the poor via",Neutral,Neutral,Neutral
"BAKIT INITSAPUWERA DIN NI [Entity_A] SI [Entity_A]: Sabi din ng tumawag sa akin, ganoon din ang galit sa dibdib ni (see )",Negative,Negative,Negative
ayaw niyo si [Entity_A]....... so payag kayo kay [Entity_B] na kumakain ng kanin sa baso? wtf,Negative,Negative,Negative
"Pangatlo na lang si [Entity_A], sana mamaya pang-apat na lang. ??",Negative,Negative,Negative
JUSKO PO [Entity_A] ?? DINAMAY PA YUNG KAMATAYAN NG MOMMY NIYA PARA LANG IBOTO SIYA ??,Negative,Negative,Negative
PANDAK PALA SI [Entity_A]? WOW,Negative,Negative,Negative
RT the [Entity_A] thing was all funny then pero nakakatakot na marami talagang boboto sa kanya,Negative,Negative,Negative
"si [Entity_A] si [Entity_B] at si [Entity_A] pa daw ang nangibabaw, tangina hahahahahaha patawa",Negative,Negative,Negative
Hintayin ko nalang si [Entity_A],Neutral,Neutral,Neutral
"King ina yung bagong ads ni [Entity_A]. Pinatamaan lahat ng kalaban niya e. Yung ""hindi ako magbibigay ng hugot."" [Entity_B] OH! LOL.",Negative,Negative,Negative
[Entity_A] is my VP too! I havent decided yet but [Entity_B] and [Entity_C] are definitely up there. [Entity_D] second. AnyNeutral but [Entity_E]??,Positive,Neutral,Neutral
pakyu ka [Entity_A] puro black propaganda nalg nilalabas mo! Lumaban kayo nang patas mga hunghang!!!!,Negative,Negative,Negative
Sige [Entity_A] mang daya kapa ng masampal ka ng tsinelas ng mga butante,Negative,Negative,Negative
sabihin mo ke [Entity_A] be,Neutral,Neutral,Neutral
"MY PRAYERS: UMANGAT SI [Entity_A], DI MAKAHABOL SI, BUMABA KAHIT NeutralNegativeTH PLACE SI [Entity_A], CONSISTENT ANG RATING NI CANDIDATE. GODBLESS ??",Positive,Neutral,Neutral
Part ka naman ng Administrasyon [Entity_A]. Wag kang ipokrito.,Negative,Negative,Negative
But still [Entity_A] got the highest distrust and disapproval ratings.,Negative,Negative,Negative
"[Entity_A] talaga, Bicolano pa sinuyo.",Negative,Negative,Negative
paawa effect ads na nya [Entity_A] po kaasar,Negative,Negative,Negative
"[Entity_A] using the current status of our stock market PSE, and we will fail if [Entity_B] wins the Presidency, WALA KA MALOLOKO DITO",Negative,Negative,Negative
"[Entity_A] is Positivend, [Entity_B] is Negativerd &gt; Between Jan. Neutral and Nov. Negative0 last year, [Entity_C] already shelled out P595,7NeutralNegative,000 for TV ads.",Neutral,Neutral,Neutral
Parang mas nilalait pa tayo ni [Entity_A] sa commercial niya eh ??,Negative,Negative,Negative
may vote buying na nga si [Entity_A] eh,Negative,Negative,Negative
"[Entity_A] latest stunt: if [Entity_B] wins, do not blame me, blame [Entity_C] for not cooperating. ???? What a loser!",Negative,Negative,Negative
Puro paawa si [Entity_A] at [Entity_B] ????,Negative,Negative,Negative
[Entity_A] will only be like [Entity_B]. [Entity_C] reminds me of former pres GMA. [Entity_D] is just another TraPo. We need a big CHANGE!,Negative,Negative,Negative
[Entity_A] - sumbungero,Negative,Negative,Negative
"If [Entity_A] and [Entity_B] runs for the same post in Positive0Neutral6, wala na. Mahahati boto. For sure si [Entity_C] mananalo. Tandem na!",Negative,Negative,Negative
"EVERYONE is convinced that [Entity_A] will cheat in these elections. So he may as well withdraw - coz win or lose, he'll be seen as a cheater",Negative,Neutral,Negative
I cringe everytime [Entity_A] claims Makati while 6 years siyang nasa posisyon.,Negative,Negative,Negative
"Si [Entity_A] kay? [Entity_B], PANDAK, LAKI SA HIRA ??????",Negative,Negative,Negative
NO TO [Entity_A] Positive0Neutral6,Negative,Negative,Negative
Nakakabwiset yung Ad ni [Entity_A] pucha,Negative,Negative,Negative
Bias ka ba [Entity_A]? Hahaha walang [Entity_B] eh.,Negative,Negative,Negative
"NOGNOG, PANDAK, LAKI SA HIRAP. YAN SI [Entity_A]! LEADER SA SUKARAP :D",Negative,Negative,Negative
"Salgado on [Entity_A] being the top spender in political ads: Hindi lang pala selective justice, selective data rin ang nangyari dito",Negative,Negative,Negative
Oo na si [Entity_A] na,Negative,Negative,Negative
Malakas daw online presence ng mga supprters ni [Entity_A] ? WHAT. THE. FUCK?! [Entity_B] and [Entity_C] all over my feed.,Negative,Negative,Negative
"Follow mo ko dito sa account na toh, kasi nga dahil kay [Entity_A] hahaha",Positive,Neutral,Neutral
RT Bakit nakakairita commercial ni [Entity_A]?,Negative,Negative,Negative
[Entity_A]: Ako ay kumandidato dahil alam kong ako ay mananalo,Neutral,Neutral,Neutral
Tanga nalang yung boboto kah [Entity_A] pota -.-,Negative,Negative,Negative
"Grabe si [Entity_A] oh, makadeny sa accusations wagas!milyones ang deposit from dummies acct!!tsek tsek",Negative,Negative,Negative
"""Pero di tulad ng iba, maraming nagawa. Yan si [Entity_A]."" AHAHAHAHAHAHAHAAHAHAHAHAHAHAHAAHAHAHAHAHAHAHAHAHAHAHAHAHAHAHAHAHA.",Negative,Negative,Negative
tanga. Si [Entity_A]???,Negative,Negative,Negative
Kairita lang ang commercial ad ni [Entity_A] at [Entity_B].,Negative,Negative,Negative
Well. [Entity_A] better be ready for the coming black propaganda from [Entity_B] and [Entity_C].,Negative,Negative,Negative
[Entity_A] not part of endorsement for [Entity_B],Neutral,Neutral,Neutral
Mga [Entity_A] join force na sa mga commercial nila. . . Hmpf katakot,Negative,Negative,Negative
"News5 Everywhere - [Entity_A], BINATIKOS, TINAWAG NA 'CREDIT GRABBER' NG NETIZENS via",Negative,Negative,Negative
Ang presidente ko ay si [Entity_A],Positive,Positive,Positive
Kinakabahan ako kay [Entity_A] juskooo,Negative,Negative,Negative
[Entity_A]: There can be no peace without development and there can be no development and progress without peace.,Neutral,Neutral,Neutral
"Nag suot lang ako ng pulang damit, Kitkat na? -[Entity_A]",Negative,Negative,Negative
iboboto ko si [Entity_A] kasi religious meaning ng first name nya. hindi siya mangungurakot kasi religious sya hahahaha TANGINA. :),Negative,Negative,Negative
[Entity_A] po.,Neutral,Neutral,Neutral
HAHAHAHAHAHAHA [Entity_A] PALA TONG SI YERI EH HAHAHAHAHA BASTOS,Negative,Negative,Negative
Can [Entity_A] not sound like [Entity_B]? It's very frustrating.,Negative,Negative,Negative
Uh oh. Not good. - EXCLUSIVE: [Entity_A] huling huli na nangsuhol ng 500 pesos sa mga tao!,Negative,Negative,Negative
"KAMANGMANGAN, NANDITO RIN SI NOGNOG MANGMANG [Entity_A] HE HE HE",Negative,Negative,Negative
"totally lost it when he supported [Entity_A]. I guess when he has nothing more to lose, he can say anything he wants.",Negative,Negative,Negative
"[Entity_A] kung sinungaling si [Entity_B]: Pag di naman totoo, automatic ang reaction mo talaga. Itatanggi mo.",Negative,Negative,Negative
muka kang yagba ni [Entity_A],Negative,Negative,Negative
[Entity_A] for .______,Neutral,Neutral,Neutral
NA UNA NA ANG DALAWA SA AYAW KO MAGING [Entity_A] AT [Entity_B],Negative,Negative,Negative
Nagwawala na po itong katabi ko porket lamang lang si [Entity_A] ayyyy kaya pang habulin ni [Entity_B] yann!!!!,Negative,Neutral,Neutral
"Really? [Entity_A] is friends with [Entity_B] and [Entity_C], who are both shady. They are birds of the same corrupt feather.",Negative,Negative,Negative
the [Entity_A] have stolen billions no arrest warrant yet - libel moves fast. for INC. for [Entity_A].,Negative,Negative,Negative
Dba nasa ganyang posisyon ka naman [Entity_A]?Ba't hindi mo yun ginawa?Kailangan pa bang maging Presidente ka bago mo ipaglaban ang West Philippine Sea?,Negative,Negative,Negative
[Entity_A] on tiff with Tacloban Mayor: that meeting was taken out of context,Neutral,Neutral,Neutral
What if si [Entity_A] si plankton HAHAHAHAHAHAHAHHAHAHA,Negative,Neutral,Neutral
RT Thank you [Entity_A] at [Entity_B] for the messed up MRT/transport system and terrible traffic,Negative,Negative,Negative
"Calling all the NPA, MILF at iba pang rebeldeng grupo hanapin niyo si [Entity_A] . Huliin niyo na lang siya thank you!",Negative,Negative,Negative
OFW binoto si [Entity_A] pero lumabas sa resibo ay Hillary Clinton. Charot!,Negative,Neutral,Neutral
Dami nang nabayaran ni [Entity_A]. may pera pa kaya siya? Hahahaha ??,Negative,Negative,Negative
"RT [Entity_A] is the father of the MRT mess, so corrupt, replaced Sumitomo with a fly-by-night MRT maintenance operator!",Negative,Negative,Negative
"Di pa daw to ma-consider nga nag-concede na si [Entity_A]. As per the news, si [Entity_A] ug [Entity_B] pa lang daw.",Neutral,Neutral,Neutral
Hindi ako taga-Makati pero mukhang mas kupal pa 'to sa mga [Entity_A]. Nako po. Ingat lang sa buwis ng mga taga Makati ??,Negative,Negative,Negative
"Pagdinig ng senado kaugnay ng mga umano'y katiwalian ni [Entity_A], pormal nang tinapos",Neutral,Neutral,Neutral
"""Hindi ko function iyan."" ([Entity_A], Positive0Neutral5) ""Kailangan pa bang sagutin iyan?"" ([Entity_B], Positive0Neutral5)",Negative,Neutral,Neutral
"If not [Entity_A], [Entity_B] please",Positive,Positive,Positive
RT Bakit niyo kasi kinu-quote si [Entity_A]? Nagmukha tuloy siyang manhid.,Negative,Negative,Negative
Kung di man manalo si [Entity_A] sana si [Entity_B] na lang o kaya si [Entity_C]. Mas kampante pa ko dun,Positive,Positive,Positive
Witness: Bidding for Makati projects under [Entity_A] a sham |,Negative,Negative,Negative
baka si [Entity_A] yung ex mo ??,Negative,Negative,Negative
"[Entity_A]: ""I am a man of proven accountability and transparency."" Me: *insert Y DA FUK U LYIN, Y U ALWAYS LYIN meme*",Negative,Negative,Negative
"*Sandro and Baste are fighting * Sandro: ""If you can't handle me at my [Entity_A], then you don't deserve me at my [Entity_A].""",Neutral,Neutral,Neutral
"will not only aim for billions but eventually he will claim r country us ""Pili[Entity_A]""",Negative,Negative,Negative
"In the beginning, only [Entity_A]. But the other cases? One never knows. As [Entity_B]'s VP, may proteksyon siya.",Neutral,Neutral,Neutral
"Not directly. Seems in Positive0Neutral4, [Entity_A] used the same remittance agency involved in current money laundering scandal.",Negative,Negative,Negative
"Wow, nagtype ako ng assignment jerney lyne ha??? tatanga tanga ka lagi!!! Bobo ka like [Entity_A] HAHAHAHA Bwiset damnnnnnn",Negative,Negative,Negative
"Political ad on respect not a response to [Entity_A]'s rape remark, [Entity_B] clarifies",Neutral,Neutral,Neutral
"Partial UNOFFICIAL count: [Entity_A] NeutralPositive7K, [Entity_B] 9NegativeK, [Entity_C] 78K, [Entity_D] 54K, Santiago Neutral5k",Neutral,Neutral,Neutral
"Puro pangako, napapako naman: [Entity_A] hits [Entity_B]'s leadership anew",Negative,Negative,Negative
Kung manalo man si [Entity_A] Sana unang patayin nya e yung nagdrudrugs na lumaban pa ng konsehal na kilalang kilala ko. Neutral00% manyak??,Positive,Negative,Negative
"""Only [Entity_A] touches my skin""dafuq?????",Negative,Negative,Negative
Sanib pwersa naaa! [Entity_A]/[Entity_B]/[Entity_C] vs [Entity_D]. [Entity_D] till the end!,Positive,Positive,Positive
"[Entity_A]: We feel we're in a good place. We have a track record in every town, in every place in the country. |",Positive,Positive,Neutral
AMLC finds billions of pesos in '[Entity_A] dummy' accounts,Neutral,Neutral,Neutral
"my photo is not as clear as but I definitely read ""[Entity_A]""",Neutral,Neutral,Neutral
"grabe, lage nalang napagttripan si [Entity_A]..??",Positive,Negative,Negative
"DESPERADO NA SINA [Entity_A], [Entity_B] AT ANG KINGINANG ABS-CBN WAHAHAHA",Negative,Negative,Negative
Cara Kendall On PH Positive0Neutral6 Only [Entity_A] Ateneo,Neutral,Neutral,Neutral
RT 6 Reasons Why [Entity_A] could Win the Positive0Neutral6 Presidential Election,Neutral,Neutral,Neutral
khit ganun p man No.Neutral fan prn aq ng KathNiel nding ndi mwwla un.peru sori to [Entity_A].,Negative,Negative,Negative
"Maka hugot ka, ha. Lagot ka kay [Entity_A]. ??",Neutral,Neutral,Neutral
"[Entity_A] votes went to [Entity_B]?...See, even the VCMachines rejected him!",Negative,Negative,Negative
4 reasons why [Entity_A] will not win the Positive0Neutral6 Philippine presidential elections - Get Real Post,Neutral,Negative,Negative
Omg ang scary nung video na sumasayaw si [Entity_A] WTF,Negative,Negative,Negative
Just look at the combined votes of [Entity_A] tandem as compared to [Entity_B].,Negative,Negative,Negative
hayaan mo yan sila mga anak ni [Entity_A]! Hahhahahaha,Negative,Negative,Negative
Si [Entity_A] iboboto ni [Entity_B]....,Neutral,Neutral,Neutral
Abot na abot mo pa ang commercial ni [Entity_A]!! ??????,Negative,Negative,Negative
[Entity_A] rejects proposed Neutral4 percent VAT |,Neutral,Neutral,Neutral
Bakit dahil kay [Entity_A]..... nagka-punye punyeta na ang Pilipinas? LECHE. WAG KAMI.,Negative,Negative,Negative
bakit dahil kay [Entity_A] madilim ang kanyang advertisment,Negative,Negative,Negative
BAKIT TATAKBO SI [Entity_A]?! BAKA MAGHATI SILA NI [Entity_B] AT SI [Entity_C] PA ANG MANALO,Negative,Negative,Negative
Pero try to reach out also to those walang social media. Most na tinanong ko kay [Entity_A] sila...Pro-active na tayo [Entity_B],Neutral,Neutral,Neutral
[Entity_A] said [Entity_B] and [Entity_C] camps didn't approach him since he filed cases against some of their members.,Neutral,Neutral,Neutral
Watch: Actual VCM Printed [Entity_A] Automatically When Voting Other President Candidate! ~ ThePadder,Neutral,Neutral,Neutral
Selfish [Entity_A] inuuna ang pansariling interest kumoara sa kapakanan ng bayan. [Entity_B] TANDEM LET'S GO,Negative,Negative,Negative
The camp of the VP maintained that the alleged evidence presented against [Entity_A] were merely hearsay. | via ANC,Neutral,Neutral,Neutral
"[Entity_A]: Kung iba ang mauupo sa pagkapangulo...di magkakaroon ng pagbabago, di giginhawa ang buhay ng masang Pilipino.",Neutral,Neutral,Neutral
[Entity_A] is so ill informed.Mindanao problem s not a socio economic problem but a cultural problem! Research pg may time,Negative,Negative,Negative
Buhat bangko yung commercial ni [Entity_A]. ??????????????????????,Negative,Negative,Negative
Literal na [Entity_A] ang nakita ko,Neutral,Neutral,Neutral
Bakit dahil kay [Entity_A] nakilala kaming mga [Entity_A]?,Negative,Negative,Negative
"I think, [Entity_A] is hungry for power.",Negative,Negative,Negative
I dont know what will happen to our country if our president is [Entity_A],Negative,Negative,Negative
Sawang sawa na ko sa commercial ni [Entity_A] ??,Negative,Negative,Negative
"why is abscbn making [Entity_A] as the good example for filipinos, the hope of the people... wait, lets talk abt yolanda funds..",Negative,Negative,Negative
RT kamuka ni Kokey yan si [Entity_A],Neutral,Neutral,Negative
"Kung ang eleksyon ay isang show, title nito at FacePositiveFace. Si [Entity_A] ang isinusumbong. [Entity_B], [Entity_C] at [Entity_D] ang nagsumbong.Si [Entity_E] ang sawsawero.",Negative,Negative,Negative
Wag natin kalimutan isupport si [Entity_A],Positive,Positive,Positive
"Hindi pa man nakakaupo, may 5 plunder cases nang nailatag kay [Entity_A].",Negative,Negative,Negative
putangina mo [Entity_A] wag mo kami idamay sa [Entity_A] na yan,Negative,Negative,Negative
Panay [Entity_A] commercial aba. Ginawang asal ??,Negative,Negative,Negative
Bakit puro kayo Sandro? Pano naman yung anak ni [Entity_A]? Hahahaha cge sakin nalang sya ??,Positive,Neutral,Negative
Pati nanay mo [Entity_A] trip mo narin wtf dinamay mo pa ?? hiya ka naman uy ??,Negative,Negative,Negative
"[Entity_A], puro ka hometown mo. Ano'ng nagawa mo sa anim na taon mo sa posisyon mo?",Negative,Negative,Negative
"hmmm either [Entity_A] o [Entity_B] lang president ko. Vice ko, either [Entity_C] or [Entity_D].",Positive,Positive,Positive
mga maala [Entity_A] nga. HAHHAAH.,Neutral,Neutral,Neutral
Sana di nalang paulit ulit yung binabato nila kay [Entity_A] para nakaka move on tayo lahat,Negative,Negative,Negative
"Interview pa lang ni [Entity_A] walang isip-isip sa pagsagot, hindi tulad ni [Entity_B]! Haha",Negative,Negative,Negative
"I really hope the voting public bothered to witness this debate. If you're still voting for [Entity_A] or [Entity_B], then idk anymore.",Negative,Negative,Negative
The Information against [Entity_A] will be filed after the expiration of his term as Vice President. | via,Negative,Neutral,Neutral
[Entity_A] cuts short Ilocos trip to prepare for Positivend presidential debate,Neutral,Neutral,Neutral
[Entity_A]! wala na ba? ??????,Negative,Negative,Negative
Bakit di man lang maitelevised ng ABSCBN yung problema na [Entity_A] yung votes pero sa receipts [Entity_A]. BIAS TLAAGA,Negative,Negative,Negative
[Entity_A] to raise issue vs [Entity_B] if admin uses corruption vs [Entity_C] |,Neutral,Neutral,Neutral
"What saddens me most is that [Entity_A], [Entity_B] and [Entity_C] placed higher than [Entity_D]. You're really not afraid of a dying country.",Negative,Negative,Negative
[Entity_A]. yan si [Entity_A] asawa ni binoy ????????,Neutral,Neutral,Neutral
Pagkatapos ng [Entity_A] [Entity_A] naman ngayon. Srsyly [Entity_A] ??,Negative,Negative,Negative
"[Entity_A], dinalaw ang mga naapektuhan ng bagyong Lando sa Isabela | via Bombo Radyo",Neutral,Neutral,Neutral
RT It will just be [Entity_A] vs [Entity_B] for me. Credibility vs Willpower. Debates will tell.,Neutral,Neutral,Neutral
tricky pol ads of cagey [Entity_A],Negative,Negative,Negative
Presidential bet [Entity_A] now faces allegations on vote buying in Baguio City.,Negative,Negative,Negative
Gwapo naman lagi ni [Entity_A] eh hahahaha,Positive,Positive,Positive
Palace to [Entity_A]: Check out [Entity_B]'s numbers,Negative,Neutral,Neutral
5M for [Entity_A]. hay. tapos si [Entity_B] Positive.9M.,Negative,Negative,Negative
"Wala din akong kinakalabang kandidato. I share posts on [Entity_A], [Entity_B], [Entity_C], [Entity_D], and [Entity_E]. Alphabetical ka 'yan para fair. ??",Neutral,Neutral,Neutral
"Mercado owned dummy' firms, alleged [Entity_A] bagman claims",Neutral,Neutral,Neutral
[Entity_A] should be the Neutral to quit instead of [Entity_B] kasi mas mataas ranking ni [Entity_B] sa 7-eleven GULP surveys,Negative,Negative,Negative
"Salgado says reaffirmed indictment days before campaign period,like when it indicted [Entity_A] on day he filed his candidacy",Neutral,Neutral,Neutral
Video of [Entity_A] lookalike goes viral. READ HERE:,Neutral,Neutral,Neutral
"Retweeted TV Patrol [Entity_A], iginiit na wala siyang kinalaman sa desisyon ng anak sa...",Neutral,Neutral,Neutral
[Entity_A]: It's presumptuous for [Entity_B] to think the race is between [Entity_B] and [Entity_C].,Negative,Negative,Negative
"GOV'Ts MONEY??? EXCUSE ME, [Entity_A]! THAT'S OUR MONEY!! GALING SA DUGO'T PAWIS NG MGA HAMAK NA MANGGAGAWA NA...",Negative,Negative,Negative
"I hear our neighbor's sing [Entity_A]’S jingle pero iba yung lyrics. From only [Entity_A] to ""Lonely [Entity_A]."" Huhu wait na-LSS ako",Negative,Negative,Negative
Jusko po. Kahit tuwid na daan ni [Entity_A] apektado. ??,Negative,Negative,Negative
Bombo Radyo Philippines - [Entity_A]: Hindi ako titigil sa pag-uusig laban sa pamilya [Entity_A],Neutral,Neutral,Neutral
Yan si [Entity_A]! Wahahaha!,Negative,Negative,Negative
"[Entity_A]: I will make you rich, like your hometown. Pwe! Talagang mayaman ang Makati kasi yun ang business capital mg Ph. Tanga.",Negative,Negative,Negative
[Entity_A]'s ad is so full of ad misericordiam fallacies hahaha,Negative,Negative,Negative
"[Entity_A], binati nina [Entity_B] at [Entity_C] sa kanyang 7Negativerd birthday",Neutral,Neutral,Neutral
"PWEDE NA SI [Entity_A], WAG LANG SI [Entity_B], WAG! SHET, WAG! [Entity_B], LABAN PA! VOTE [Entity_A] for PRESIDENT",Negative,Negative,Negative
manhid mo comelec.maka stresss!!![Entity_A]aran din kayo Ni [Entity_A],Negative,Negative,Negative
While [Entity_A]: Siya si Korra! The avatar. Wahaha,Positive,Positive,Positive
I will not vote [Entity_A].,Negative,Negative,Negative
Nag trending si [Entity_A] sa twitter.. Negative puros ??????????????????,Negative,Negative,Negative
I really don't like that [Entity_A] commercial hahahaha,Negative,Negative,Negative
"Manawagan kong [Entity_A], [Entity_B], [Entity_C] nga ilibre kog ticket sa EXO Planet. ???? dejokelungs",Neutral,Neutral,Neutral
Good news but why do i have a bad feeling that [Entity_A] will win,Negative,Negative,Negative
"Words like decency and honesty coming from [Entity_A]? Oh. Fck you and your poor, filthy little shit",Negative,Negative,Negative
"salamat sa naging suporta mga ka [Entity_A], di pa tapos ang laban, laban para sa kahirapan",Positive,Positive,Positive
[Entity_A] po.,Neutral,Neutral,Neutral
Desperate move ni [Entity_A] ????,Negative,Negative,Negative
"Grabe talaga si [Entity_A], wala kasing boto kaya ginagamit si [Entity_B]!",Negative,Negative,Negative
"NGAYON SA - [Entity_A], [Entity_B], [Entity_C] at [Entity_D], inilatag ang mga plataporma sa harap ng mga negosyante. -...",Neutral,Neutral,Neutral
"Dear [Entity_A], Why can't you just accept the fact na ayaw sayo ng mga tao? Stop threatening the voters ???",Negative,Negative,Negative
"ofcourse, there's no choice but [Entity_A]. pero kung [Entity_B] vs [Entity_C]? i'd pick [Entity_D] any day ??????",Positive,Negative,Negative
"""Mananalo ang karapatdapat"" -[Entity_A] At ang karapatadapat ay si [Entity_B] hahahaha",Positive,Positive,Positive
hahahaha same tayo kay [Entity_A]! Nag [Entity_B] ako sa vice! ?? si [Entity_C] at [Entity_D]. ??,Positive,Neutral,Neutral
"Wag ka na lumaban sa pagka pangulo. Dka mananalo, Si [Entity_A] ang mananaig.",Positive,Negative,Negative
"Para sakin this labanan is between [Entity_A](Disiplina), [Entity_B](utak) at [Entity_C](Puso).",Positive,Positive,Positive
Hakot [Entity_A],Positive,Positive,Positive
"Honestly, why is [Entity_A] so against of [Entity_B]? Ano motive niya?",Negative,Negative,Negative
Vote buying from [Entity_A] . First Time namin nakatanggap na galing sa president,Negative,Negative,Negative
Desperado move ?? [Entity_A] .,Negative,Negative,Negative
Puro lait sa sarili si [Entity_A] :(,Negative,Negative,Negative
[Entity_A] cuts short Ilocos trip to prepare for Positivend presidential debate,Neutral,Neutral,Neutral
Ganyan ang president. Hindi takot sa QandA from media. Good job [Entity_A]! GO [Entity_A],Positive,Positive,Positive
"Bat kaya napikon si [Entity_A] kay [Entity_B] dahil ba sa parinig ni [Entity_B] na ""Kahit hindi ako [Entity_A] ATLEAST hindi ako MAGNANAKAW""",Negative,Negative,Negative
Sana walang dayaang mangyari sa lunes at si [Entity_A] ang manalo wahaha! Pakyu ka [Entity_B] ililipat mo kay [Entity_C] yung mga boto sayo!,Negative,Negative,Negative
KAPAG SI [Entity_A] ANG MANANALO MATUTUWA SI KORING. AT AYOKONG MANGYARI YON. HAHAHAHAHA,Negative,Negative,Negative
Edi iboto si [Entity_A] para walang mapunta kay [Entity_B]. Haha,Negative,Negative,Negative
Bakit dahil kay [Entity_A]? Bakit puro [Entity_A] lagi? ??,Negative,Negative,Negative
nye pndak na nog nog parang [Entity_A] lang ahahahha ?,Negative,Negative,Negative
,Neutral,Neutral,Neutral
Pag nanalo si [Entity_A] or [Entity_B] mag sisimula ako mag graffiti ng anti-gov shit. lol,Negative,Negative,Negative
Wag mo Boto yan. [Entity_A] tandem tayO,Positive,Positive,Positive
[Entity_A]: I DON'T NEED OFW VOTE via,Negative,Neutral,Neutral
"Poor [Entity_A]. Pero parang awa niyo na, wag niyong iboto si [Entity_B] :(",Negative,Negative,Negative
"Unlike his rich rivals, [Entity_A] says he hails from the poor",Positive,Neutral,Neutral
Sawsaw nanaman sa APEC issue 'to si [Entity_A].. Tsk tsk!,Negative,Negative,Negative
Route Security was maintained and rendered during the visit of [Entity_A] and Company.,Neutral,Neutral,Neutral
Nakakairita si [Entity_A]! Tanga kaba?! Tsktsk. Hindi kana nga mayor! Pati tatay mo nakikisali pa. Punyeta!,Negative,Negative,Negative
Grabe kayo kay [Entity_A] ????,Positive,Neutral,Positive
"Dapat dinidisqualify c [Entity_A], puro kadayaan ang alam. Hays",Negative,Negative,Negative
Segway: Anong inarte ng tv ad ni [Entity_A] at [Entity_B]?! Sarap pag untugin.,Negative,Negative,Negative
"Talaga 'to si [Entity_A]! Lahat na lang eh. Pati Oplan Tuli, naki-join din! ?? HAHAHAHAHAHAHA! ??",Negative,Negative,Negative
"""But you expect me to jump up on board with you and ride off into your delusional sunset."" (to [Entity_A])",Negative,Negative,Negative
[Entity_A] I'm sure in last debate itaob ni [Entity_A] ang mga Nambatikos sa kanya..[Entity_B] [Entity_C] [Entity_D] manginig na kayo....,Positive,Neutral,Neutral
[Entity_A] last to arrive. Didn't grant interview but blew kiss to media,Neutral,Neutral,Neutral
"[Entity_A] leads in the latest SWS Presidential survey (Neutral,Positive00 respondents; Feb 5",Neutral,Neutral,Neutral
Only [Entity_A] WTF??? HAHAHAHA,Negative,Negative,Negative
Idaan niyo din si [Entity_A] kay Karen Davila pls,Negative,Neutral,Negative
Ang yaman ni [Entity_A].. Twice ang paid ad in one gap.,Negative,Neutral,Negative
Retweet sa mga Badtrip kay [Entity_A] ????,Negative,Negative,Negative
[Entity_A] political ads are sick.,Negative,Negative,Negative
Hey [Entity_A] wrong timing ka daw sabi si Delima,Negative,Neutral,Negative
Umalma ang kampo ni [Entity_A] sa pahayag ni [Entity_B] na tila may pagkakapareho ang mga transaksyon ni [Entity_C] sa RCBC...,Neutral,Neutral,Neutral
"Shut up, [Entity_A]!",Negative,Negative,Negative
"kung nakaliit liit, tangina junior ni [Entity_A] ????????",Negative,Negative,Negative
Bakit pag si [Entity_A] pinag-eexplain pero si [Entity_B] pinipigilan agad. Fast talk nga e. Bias tlaga 'tong si Karen??????,Negative,Negative,Negative
Senate committee recommends plunder case against [Entity_A] and son | via Eagle News,Neutral,Negative,Neutral
,Negative,Negative,Negative
"Apparently [Entity_A] told Justice Sec. to shut up regarding a certain, controversial case/issue. Lalo nang nagdilim. Naku po.",Negative,Negative,Negative
"Kung si may true blue Filipino, only si [Entity_A] ang may true black Presidentiable inside and out.",Negative,Neutral,Negative
"MUST READ: [Entity_A] Open Letter to [Entity_B], “You’LL Destroy Philippines If You Cheat”",Neutral,Negative,Negative
The road to Malacanang: [Entity_A],Neutral,Neutral,Neutral
[Entity_A] bucks proposed Neutral4 percent VAT,Neutral,Neutral,Neutral
haha wala akong biometrics. paki boto na lang si [Entity_A] hahah,Positive,Positive,Positive
"Well, [Entity_A]'s rank was quite expected but I can't believe [Entity_B], [Entity_C], and [Entity_D] over [Entity_E]? This is a proof that many ppl has no brains",Negative,Negative,Negative
"Happening now: Welfareville Compound, Mandaluyong. [Entity_A] campaign kick off at 4pm",Neutral,Neutral,Neutral
Naiirita ako sa commercial ni [Entity_A] hello po ano,Negative,Negative,Negative
"hoy ! happy birthday ! kabirthday niyo pala si [Entity_A] HAHAHA ?? anyways, stay gorgeous ??",Neutral,Neutral,Neutral
"KAHIT BIRTHDAY NI [Entity_A] NGAYON, I STILL HATE HIM -_- BABATIKUSIN KO PA DIN MGA TVC NIYA HAHAHA =)))",Negative,Negative,Negative
"[Entity_A] is not a contender, it will come down to [Entity_B] and may be [Entity_C]. but I say PH lets Vote [Entity_C]",Negative,Negative,Positive
"Wala palang kinalaman kulay ng balat nya, KULAY LANPALANG NG BUDHI NYA AT BUTO! Kaya, No To [Entity_A]! ??",Negative,Negative,Negative
[Entity_A] is desperate human being,Negative,Negative,Negative
Pag si [Entity_A] nanalo kokonti ang mahirap sa Pinas.,Positive,Positive,Positive
"Kaya pala traffic sa shaw, nagcacampaign yung partylist nila [Entity_A] sa 9 de pebrero",Negative,Negative,Negative
NO TO CORRUPTION! YES TO [Entity_A] tandem,Positive,Positive,Positive
"[LOCAL NEWS] [Entity_A]: Poverty, not corruption, moral issue of the time | via SunStar",Neutral,Neutral,Neutral
Question: Do [Entity_A]/[Entity_B]/[Entity_C] attack each other? Hindi noh? They all attack [Entity_D]! to bring us back to dark times...,Negative,Negative,Negative
I think [Entity_A] should concede too. ??,Negative,Negative,Negative
"""Ayaw na natin ng gobyernong manhid""-[Entity_A]",Neutral,Neutral,Neutral
Wag kayo maniwala sa No tax policy niyang si [Entity_A].. Chika niya lang yan! di basta basta narereform ang tax ng ganun..,Negative,Negative,Negative
RT [Entity_A] condemns killing,Neutral,Neutral,Neutral
"[Entity_A], [Entity_A], [Entity_A], Maraming nagawa... Yan si [Entity_A]. T*ngna [Entity_A] anong KALOKOHAN TO?! ??",Negative,Negative,Negative
pwede pala to gawin pag si [Entity_A] ang iboboto mo,Positive,Neutral,Neutral
"Madalang na mabanggit si [Entity_A] nowadays a... Relevant pa po ba? Sayang yung limang taon na surveys, na utog in the end.",Negative,Negative,Negative
"Bakit kaya may pagbabantang nagaganap sa mga commercial ni [Entity_A], na pag hindi natuloy ang Daang Matuwid keme keme?",Negative,Negative,Negative
"RT Sec. Edwin Lacierda on [Entity_A]: ""unlike others, he has gone beyond promises, he has fought the bullies and has the",Positive,Positive,Positive
Look who's talking. [Entity_A]'s admin did a good job of exposing [Entity_B]'s filthy deeds ??,Negative,Negative,Negative
[Entity_A] o [Entity_B] o [Entity_C]?,Neutral,Neutral,Neutral
Napansin nyo ang daming pol ads ni [Entity_A]. Pera dugot pawis ntin yun mga kbbyan,Negative,Negative,Negative
"Look at the mirror, [Entity_A] on [Entity_B]: Once a plunderer, always a plunderer",Negative,Negative,Negative
I'd say I'm about as fucked as [Entity_A] denying his case against the victims of Yolanda,Negative,Negative,Negative
Only [Entity_A] commercial. huwaaw kinakalaban si Belo sa tagline,Negative,Neutral,Negative
Poor [Entity_A] and [Entity_B] couldn't win oscar despite their entertaining campaign.,Negative,Negative,Negative
"""Yung commercial ni [Entity_A] na [Entity_A] [Entity_A]... Parang taeng pinabanguhan lang."" -Kuya RJ ???? Actually coz everybody knows. ????",Negative,Negative,Negative
wtf [Entity_A]!,Negative,Negative,Negative
Don't bash DJ because he supporting [Entity_A]. Grow up please,Positive,Neutral,Neutral
"nasa Positivend spot na si [Entity_A] wow -.- [Entity_B] lang [Entity_C], wag ka na. lol",Negative,Neutral,Negative
RT [Entity_A] VS [Entity_B] on,Neutral,Neutral,Neutral
Madaya : Voter files complaint after receipt showed [Entity_A] instead of [Entity_B],Neutral,Negative,Negative
[Entity_A] with all the loot.,Negative,Negative,Negative
"Tito: Tay, sinong iboboto mong President? Tatay: Baka si [Entity_A] Tito: Ha? Bakit? Porket kasing itim mo gusto mo na? HAHAHAHA! OM!",Negative,Negative,Negative
"Nagpapalitan lang si [Entity_A] at [Entity_B] sa survey, mahihirapan si [Entity_C] na umusad pa. asahan na ang malawakang vote-buying ng mga desperado",Negative,Negative,Negative
kahit sino na. Wag lang si [Entity_A]. ??,Negative,Negative,Negative
Foreigners should not intervene our political practice like [Entity_A] an american [Entity_B]/[Entity_C] lang,Negative,Negative,Negative
"[Entity_A]. [Entity_A]. [Entity_A]. Pero 'di tulad ng iba, umiiwas sa pagsagot sa alegasyon ng milyon-milyong kinulimbat. 'Yan si [Entity_A].",Negative,Negative,Negative
Grabe yung lamang ni [Entity_A] kay [Entity_B] ??,Neutral,Neutral,Neutral
putangina bat pinuntahan ni [Entity_A] si dj?,Negative,Negative,Negative
im still thinking who to vote for. Basta hindi si [Entity_A] :),Negative,Negative,Negative
Tama na [Entity_A],Negative,Negative,Negative
[Entity_A] [Entity_B] [Entity_C] . LABAN [Entity_D],Positive,Neutral,Positive
Only [Entity_A]! Hataw sa Cebu,Positive,Positive,Positive
"[Entity_A], [Entity_B] lead in pre-election survey | via http://t.co/CkO09cogEf",Neutral,Neutral,Neutral
Palasyo sinabing pahayag ng Ombudsman; patama kay [Entity_A] via,Negative,Negative,Negative
Si [Entity_A] ba ??,Neutral,Neutral,Neutral
Ngayon ko lang napanuod yung advertisement ni [Entity_A]. Parang hindi ko matanggap na [Entity_A] ako.,Negative,Negative,Negative
HAHAHAHAHA wag lang si [Entity_A] plss ?????? [Entity_B] or [Entity_C] tayo ??,Negative,Negative,Negative
Jusko eto nanaman tong commercial ni [Entity_A],Negative,Negative,Negative
tangina sana di manalo si [Entity_A] baka papatay nya ko dahil sa tweet na to,Negative,Negative,Negative
[Entity_A] tutol na ipakita sa publiko ang kaniyang medical records |,Neutral,Negative,Neutral
Papa bat si [Entity_A] pa! ??,Negative,Negative,Negative
[Entity_A] is promising that if he be elected our country will progress. Ha? Tingnan mo nga [Entity_A] City isang napag iwanan na ciudad! Bolero!,Negative,Negative,Negative
Ang galing galing nila Anne. Panalo! Pak! Nakaka-proud si Kuya Kim. Pero kamukha niya na si [Entity_A] niyan. Joke!,Negative,Neutral,Negative
"Nakakatakot matulog, baka pagkagising ko si [Entity_A] na nangunguna. Biglang overtake kay [Entity_B] eh. Wag ganun.",Negative,Negative,Negative
"kay [Entity_A] ako eh. Umasa ako kay [Entity_B], buti na lang di ako nagpakalbo. XD",Positive,Neutral,Positive
[Entity_A] you're corrupt. End of story.,Negative,Negative,Negative
"PAG NANALO SI [Entity_A] TANGINA ALAM NA, NAGKADAYAAN NA. NAGKABAYARAN PA.",Negative,Negative,Negative
"[Entity_A], if your really care about the Philippines, STOP doing STUPIDITY, COWARD! LOSER! ( [Entity_A] to [Entity_B] ) pitiful candidate",Negative,Negative,Negative
"[Entity_A], you're so stupid. Seriously. Who owns the airport?",Negative,Negative,Negative
"since INC announce that they are endorsing [Entity_A], do you still voting for [Entity_B]?",Neutral,Negative,Negative
Shittt burn si [Entity_A] Kay [Entity_B] ikaw ba naman eh kita mong sunog na sunog na yang si [Entity_C] ee hahahaha,Negative,Negative,Negative
"Hay sawang sawa nako sa [Entity_A] news pls? Wala bang [Entity_B], [Entity_C], or [Entity_D]? Umay ??",Negative,Negative,Negative
Only [Entity_A] touches my skin who touches yours ? Syempre [Entity_B]... Hahahaha...,Negative,Neutral,Negative
Andun si [Entity_A] sa commercial nya eh. Black lang yung bg kaya medyo hindi sya pansin,Negative,Neutral,Negative
Bakit todo gastos si [Entity_A] at [Entity_B]? Ano meron? Kasi galangit na pera kapalit niyan! Serbisyong Negosyo. MANDARAMBONG. [Entity_C] LANG TAYO,Negative,Neutral,Neutral
RT The [Entity_A] commercial featuring oppressed/marginalized Filipinos being called [Entity_A] is plain stupid and outright rude.,Negative,Negative,Negative
Pano nandya si [Entity_B] kung mahigit NeutralM na yung kay [Entity_A]?Tapos pangatlo pa lang si [Entity_B]???Wag kasing agad maniniwala sa mga hakahaka.,Positive,Neutral,Positive
"[Entity_A] approves of [Entity_B]'s presidential bid, says he won't endorse [Entity_C]",Neutral,Neutral,Negative
Teacher man ko bala. So are my parents and my brother. Te pakyu [Entity_A].,Negative,Negative,Negative
Happy Birtyday! [Entity_A] hahaha I mean [Entity_A] ????,Neutral,Neutral,Negative
patawa talaga tong si [Entity_A]. ni hindi ka nga namin naramdaman nung nasa posisyon ka e. hayuuuup,Negative,Negative,Negative
Wag iboto so [Entity_A],Negative,Negative,Negative
"[Entity_A] is being desperate and shows how indecent he is. Also, our current President is tolerating such act because he's the one behind...",Negative,Negative,Negative
"Si [Entity_A] pa galit sa COA. Tinatiming daw. Ano ba dapat, tago muna yung audit report habang campaign period pa? Bwisit",Negative,Negative,Negative
"yung bagong [Entity_A] ad, paawa effect na naman :((",Negative,Negative,Negative
,Neutral,Negative,Negative
"""My good friends here, [Entity_A] and [Entity_B]"" ayan hindi plastic. ????",Positive,Positive,Negative
Na atching ako sa ad ni [Entity_A]. Allergic pala talaga ako sa bullshit.,Negative,Negative,Negative
"I have this lingering suspicion debates will be [Entity_A] discussing issues of complexity, [Entity_B] sniping, and [Entity_C]/[Entity_D]/[Entity_E] watching on the telly",Neutral,Neutral,Negative
Mom had dinner with [Entity_A]. Wayuk si mother,Positive,Neutral,Neutral
"[Entity_A] tandem are bullies, no class whatsoever.",Negative,Negative,Negative
Commercial na naman ni [Entity_A],Neutral,Negative,Negative
"From a concerned citizen: ""Just to inform lang. Positive0 Millions of Ballots are already program to [Entity_A] and...",Negative,Negative,Negative
"[Entity_A] YAN KA ????????????????????????"" Nakoooo si [Entity_A] po yan! Gago to. Keber ???????? hindi po ako pandak",Negative,Negative,Negative
Knowing that [Entity_A] is still breathing disappoints me,Negative,Negative,Negative
"Salgado on [Entity_A] being the top spender in political ads: Hindi lang pala selective justice, selective data rin ang nangyari dito",Negative,Negative,Negative
CA dismisses [Entity_A]'s petition against Ombudsman suspension order [Positive-NeutralNeutral-Positive0Neutral5] [NY-ANeutral800],Neutral,Neutral,Neutral
"Hay nako, basta tangina kapag nanalo si [Entity_A].",Negative,Negative,Negative
Yung babaeng nasa political ad ni [Entity_A] na nabigyan kuno ng relocation at pabahay,Negative,Neutral,Neutral
Namoka pumapangalawa si [Entity_A],Negative,Negative,Negative
[Entity_A] Yan si [Entity_A] ??,Neutral,Negative,Negative
[Entity_B] tas [Entity_A] 87NeutralNeutral???? tangina [Entity_A]???,Negative,Negative,Negative
"""LIBRE NA LAHAT."" - [Entity_A] GANUN PO KABOBO ANG TINGIN NI [Entity_A] SA ATING LAHAT. AT BOBO ANG MANINIWALA.",Negative,Negative,Negative
"Kautusang lumikha ng Office for Transportation, pinare-review ni [Entity_A] I via Allan Francisco",Neutral,Neutral,Neutral
wag niyo na ipakita commercial ni [Entity_A] pls. irita talaga ??,Negative,Negative,Negative
"Only [Entity_A] touches my skin, who touches yours? ??",Negative,Positive,Negative
No to [Entity_A] tandem????,Negative,Negative,Negative
yan si [Entity_A]. XD samoka,Negative,Neutral,Negative
[Entity_A] proclaimed datu by Lanao sultanate |,Neutral,Neutral,Neutral
[Entity_A] too thirsty to win,Negative,Negative,Negative
Kamuka ba ni [Entity_A] si kokey?” Hindi. Wag OA dre!,Negative,Neutral,Negative
bagay Kay [Entity_A] bibitayin yan,Negative,Negative,Negative
"They say when you find that guy who makes you mad and makes you laugh at the same time, he's the one. [Entity_A], ikaw na ata. ??????",Positive,Neutral,Positive
"Wala akong mapili kayna [Entity_A], Santiago, at [Entity_B]. Basta ako ay ""Kahit sino wag lang si [Entity_C].""",Negative,Neutral,Negative
I'll never understand [Entity_A]' publicity stunts,Negative,Negative,Negative
Panu kasi si [Entity_A] walang kabuhay-buhay ang speech.,Negative,Negative,Negative
"A word to describe [Entity_A], [Entity_B] said: ""Greed.""",Negative,Negative,Negative
Yung dummy account na galit na galit kay [Entity_A] ??,Negative,Neutral,Negative
"If you don't want for [Entity_A] or [Entity_B] to win this Election, then don't vote for [Entity_C]. Vote for [Entity_D] instead.",Negative,Neutral,Positive
RT gusto kong lalake kagaya ni [Entity_A] ??,Positive,Neutral,Positive
"GRABE SI [Entity_A], NAGPULA LANG NG SUOT KIT KAT NA KAAGAD! GRABE SIYA OH!",Negative,Neutral,Negative
Ang Pangulo ko ay si [Entity_A]. Ishare mo to sa Positive5 na tao within Negative0mins at magkakaron ka ng SOBRE. Wag kang tumawa kapitbahay ko meron na.,Negative,Positive,Positive
LABAN [Entity_A]! UNGASAN MO SI [Entity_B]!,Positive,Neutral,Neutral
hahahahaahavahahahahahahhaha may hawig yung kay [Entity_A],Neutral,Neutral,Neutral
4 govt agencies after investigation w evidence says [Entity_A] is corrupt.,Negative,Negative,Negative
"Wow if an anti-[Entity_A] ad is released, much accepted. But if an anti-[Entity_B] ad is released, it is a form of sabotage. Equality, you say? Yuck",Negative,Negative,Negative
"Jusko eto tayo. Labanan ng intro si [Entity_A]. Sa second paragraph, wala na connect",Negative,Negative,Negative
"[Entity_A]'s appeal for a dialogue ""anytime and anywhere"" with [Entity_B]...",Neutral,Neutral,Negative
Jajajhha pera pera tlga Tong si [Entity_A],Negative,Negative,Negative
Moderator Coco Alcuaz said [Entity_A] requested that they present their platforms one by one,Neutral,Neutral,Neutral
The question is not whether [Entity_A] is bad but whether he will be badder,Negative,Negative,Negative
SC asked to oust [Entity_A] from Boy Scouts of the Philippines,Negative,Negative,Negative
"[Entity_A], iginiit na wala siyang kinalaman sa desisyon ng anak sa kaso ni [Entity_B]",Neutral,Neutral,Neutral
Hayop na [Entity_A] to pumapangalawa!,Negative,Negative,Negative
"Alam na. [Entity_A], Arroyo, Garci unite: [Entity_A] taps Puno as campaign adviser",Neutral,Neutral,Neutral
"[Entity_A] is More Deserving than [Entity_B] & [Entity_C], No To Sayang [Entity_A] .. MyPresidentIs [Entity_A]",Negative,Neutral,Neutral
Hay naku [Entity_A],Negative,Negative,Negative
Vote niyo po si Vice President [Entity_A]? full force required love y'all,Positive,Positive,Positive
Puneta 'tong si [Entity_A]. Hays.,Negative,Negative,Negative
Nog Nog. Pandak. Ulul nyo Yan si [Entity_A],Negative,Negative,Negative
"Si [Entity_A] parang pag mamahal ko, wala na kong choice.",Neutral,Neutral,Neutral
Souvenir from Vice President [Entity_A],Neutral,Neutral,Neutral
"Since I am not a registered voter yet, i requested him to vote [Entity_A]/[Entity_B] for pres and [Entity_C] for VP. boooo [Entity_D].",Positive,Neutral,Neutral
SC orders CA to resolve the child of [Entity_A]'s suspension - Read:,Neutral,Neutral,Neutral
Nakakainis yung commercial ni [Entity_A],Negative,Negative,Negative
Yak naman [Entity_A]. Yakkk,Negative,Negative,Negative
"Bakit feeling ko, hindi naman sinasagot ni [Entity_A] ang mga tanong ni Mike? Ako lang ba to o kayo din? Hmmm.",Negative,Negative,Negative
"Lintek to si [Entity_A]. Tatakbo ng presidente, pinagmamalaki parin yung ginawa niya sa makati taon taon nang nakalipas.",Negative,Negative,Negative
"Ever since i started voting, i do not like [Entity_A].. I sensed the dishonesty and hypocricy in him even before",Negative,Negative,Negative
"Itinuturong dummy ni [Entity_A], pumalag",Neutral,Neutral,Neutral
"[Entity_A], it's either your team failed at research or you purposely got it wrong. But knowing you, it must b the latter",Negative,Neutral,Negative
"[Entity_C]: ""my friends here, [Entity_D] and [Entity_E]."" Sorry [Entity_A] and [Entity_B] di mo friends",Negative,Negative,Negative
"Pag yang resulta naiba pa, at si [Entity_A] ang maging nangunguna, alam na!!",Negative,Negative,Negative
NEWS: [Entity_A] to face Enrile grilling when probe reopens | via,Neutral,Neutral,Neutral
naalala ko sabi ng mga taga ARMM...si [Entity_B] ang may plan b-z! Baba daw si [Entity_C].impeach daw si [Entity_A].,Negative,Negative,Negative
Si [Entity_A] yung kaklase nating magtetake ng risk para lang may masabi sa recitation dahil masyadong bilib sa sarili kaya 'di na nag-iisip.,Negative,Negative,Negative
at ang nakakaimbyerna talaga ay yung pagdedefend niya kay [Entity_A],Negative,Negative,Negative
May bago palang advert si [Entity_A]? Hahahaha. hahaha joke,Negative,Negative,Negative
Brigada News Update! - 4P's tinuligsa ng kampo ni VP [Entity_A] -,Neutral,Neutral,Neutral
just confirmed. [Entity_A] tarps on the mountain side along Kennon road,Negative,Neutral,Neutral
"[Entity_A] ad says, sino na ba ang nagbigay ng scholarship... Uhm excuse me po, not you. It's gov funds",Negative,Negative,Negative
VP [Entity_A] reiterates denial of owning hacienda in Batangas | via GMA News,Neutral,Neutral,Neutral
shut up [Entity_A] uy,Negative,Negative,Negative
GAGO [Entity_A] TALAGANG LIBRE ANG PAG-AARAL SA PUBLIC SCHOOLS/SCUs! GAGO BA U?,Negative,Negative,Negative
Puro sympathy attack na lang tong si [Entity_A] jusme. Bobotante lang maniniwala,Negative,Negative,Negative
Nung si tado niloko ka nagalit ka. Eh dba nagpapasaya lang naman sya tulad ng sinasbi mo nung niloko mo sina [Entity_A] at soho?,Negative,Negative,Negative
Bakit Pangalawa si. [Entity_A] ANO TO,Negative,Negative,Negative
Pick up line ba yan [Entity_A]?,Neutral,Neutral,Neutral
CA ordered to rule on [Entity_A] petition for certiorari over Ombudsman's suspension order | Live,Neutral,Neutral,Neutral
so tired of reading kim henares vs pia. how bout you find out why police can't find [Entity_A]'s bagmen.,Negative,Negative,Negative
Hala Positivend na si [Entity_A].... 7.Neutral Million .... Neutralst si [Entity_B] Million votes sa partial and unofficial votes.,Neutral,Neutral,Neutral
[Entity_A]: It's time to amend our Constitution,Neutral,Neutral,Neutral
Only [Entity_A] is nognog pandak laki sa hirap,Negative,Negative,Negative
[Entity_A] calling for unity to stop [Entity_B] just shows how weak leader he can be.,Negative,Negative,Negative
"Jogging with iPad. Hassle, [Entity_A].",Neutral,Negative,Negative
ANDAMING CONCEPTS NG SERIES NG TVC NI [Entity_A]. Hindi ko matanggap na wala man lang done in good taste. HIRE ME PLEASE AND PAY MEEEEE,Negative,Neutral,Negative
"[Entity_A], [Entity_B] and [Entity_C], get out of here. You have no business here.",Negative,Negative,Negative
Ang sakit [Entity_A],Negative,Negative,Negative
[Entity_A]! I smell something fishy!,Negative,Negative,Negative
"Isa kila [Entity_A] at [Entity_B] ay mag gigive way just to defeat [Entity_C], desperate ah.",Negative,Negative,Negative
"DepEd NETIZENS PUMALAG - Umani ng batikos ang kampanya ni [Entity_A] ngayon sa Marawi Lanao del Sur, ""Non-partisan...",Negative,Negative,Neutral
,Neutral,Neutral,Neutral
Ang haggard ko kanina dahil kay [Entity_A]. Kingama lang!,Negative,Negative,Negative
TSK! Sayang boto talaga kay [Entity_A],Negative,Negative,Negative
"A very good and detailed breakdown for the undecided on why choose [Entity_A], with information and specifics. You...",Positive,Positive,Positive
bat ikaw? Baka [Entity_A] ka ah? Shut Up ka nalang din,Negative,Negative,Negative
[Entity_A]: I DON'T NEED OFW VOTE via,Negative,Neutral,Neutral
"Nakaka bwisit lang mga commercial ni [Entity_A], sarap batuhin yung tv.",Negative,Negative,Negative
"KAHIT NAKASARA YUNG TV NAMIN, ANDUN PA RING YUNG ADVERTISEMENT NI [Entity_A] NOGNOG KA TLGA [Entity_A]",Negative,Negative,Negative
[Entity_A] threathening? Di siya ganun katanga! Nautusan nanaman tong Ombudsman na to ng mga DILAW!,Negative,Negative,Negative
4p's to 5p's?! Ulul. Wag kami [Entity_A].,Negative,Negative,Negative
"Actress Ai-ai delas Alas says she's here as a friend of VP [Entity_A], says she didn't get talent fee to appear here",Positive,Neutral,Neutral
"[Entity_A]: ""Bilang pangulo..."" OKAY, PERO NUNG NANDYAN KA SA POSISYON MO, WALA NAMANG NANGYARI",Negative,Negative,Negative
[Entity_A] tapos INC si kat nyay??,Neutral,Neutral,Neutral
"[Entity_A]: Vice president sa umaga, di makita sa gabi ayoko na po",Negative,Negative,Negative
pano yung remaining PH 5B kapag hindi nanalo si [Entity_A]? Sa bulsa Ni [Entity_B] ganern?,Negative,Negative,Negative
"nakita ko nanaman ung advertisement ni [Entity_A], kung sino pa ung nognog sya pa ung nagbigay liwanag, bakit cactus ba sya???????",Negative,Negative,Negative
Anong konek ng pagiging nognog at pandak ni [Entity_A] sa mga nagawa 'daw' nya sa Makati? Paki-explain. Labyu :D,Negative,Negative,Negative
My birthday wish for [Entity_A]: Hindi sana ikaw ang manalong pangulo ng Pilipinas.,Negative,Negative,Negative
"magsama sila ni [Entity_A].. tutal kapartida nya yun painumin din mya ng pills, jamming sila! HAHAHAHAHAHAHAHA",Negative,Negative,Negative
[Entity_A] is like a desperate dog trying to steal the crown owned by [Entity_B],Negative,Negative,Negative
[Entity_A] Caught on Camera Giving Out Tiny Envelopes Containing P500.00: Presidential candidate Vice Pr...,Negative,Negative,Negative
"Ugggh! Bat kahit anong sabihin ni [Entity_A] at ni [Entity_B], di ko magawang maniwala.",Negative,Negative,Negative
May dayaan talagang magaganap Gagawa ng paraan si [Entity_A] wag lang Manalo si [Entity_B].. poor poor [Entity_A],Negative,Negative,Negative
ano ba yan bat ba puro mukha ni [Entity_A] nasa tl ko,Negative,Negative,Negative
Nakakaymtawa mga sagot ni [Entity_A]. Walang kwenta,Negative,Negative,Negative
I make things happen. I walk the talk. - [Entity_A],Positive,Neutral,Neutral
"ayoon, badtrip talaga ad ni [Entity_A]",Negative,Negative,Negative
Tangina [Entity_A] ahahhahaha,Negative,Negative,Negative
"Pansin ko lang, si [Entity_C] laman lage ng blita niyo? Umay nako, [Entity_A], [Entity_B] at [Entity_D] naman.. gsPositive ko dn mlmn ibang baho nila",Negative,Negative,Negative
[Entity_A] enticed people w/ 500php but didn't pay them afters. they rallied in baguio.,Negative,Negative,Negative
"Here's [Entity_A]'s response to [Entity_B]: ""Anytime pwede namang mag-usap, pero sa puntong ito, ano pa ba ang pag-uusapan natin?""",Neutral,Neutral,Neutral
[Entity_A] para sa pagbabago Umay na ko sa mukha ni [Entity_B] at Binay!,Positive,Neutral,Neutral
HAHAHAHA ABA VANISHING [Entity_A],Negative,Negative,Negative
"Pano hindi ka kase humaharap sa korte! Wag kami [Entity_A], wag kami.",Negative,Negative,Negative
What if maapsan ni [Entity_A] ang votes ni mayor? world war III na ba? hahahaha,Neutral,Neutral,Negative
Umay na umay nako sa advertisement ni [Entity_A],Negative,Negative,Negative
Too sad to know that [Entity_A] is at the bottom. That should be [Entity_B] spot. Totoo nga ang stupid is forever.,Negative,Negative,Negative
Nakakaloka naman. Kampanya pa more. Idaan sa drama ang lahat. Sino kaya gaganap ng [Entity_A] next week?,Negative,Negative,Negative
nandyan lang si [Entity_A],Neutral,Neutral,Neutral
[Entity_A] should be more original and stop using any reference to daan,Negative,Negative,Negative
"Days ago si [Entity_A] nangunguna sa TV ads. Then suddenly ngayon, biglang si [Entity_B] na lang? Biglang no mention...",Negative,Neutral,Negative
"In samaiego OMB decision executory pending R4Negative invoking ao Neutral7. In [Entity_A], SC said CA has jurisdiction in apps for remedy.",Neutral,Neutral,Neutral
INIS. Inis yung feeling kapag nakakabasa ako ng [Entity_A] articles. Puro comparison at paninira sa ibang partido. Tsk tsk tsk,Negative,Negative,Negative
Putek na advertisement ng [Entity_A] na to. Puro Pandak ung mga sinasabi! Hayop!!!,Negative,Negative,Negative
TENGENENG [Entity_A] TO ABUSADO SA PATALASTAS HAHA,Negative,Negative,Negative
Magulat kayo biglang si [Entity_A] nanalong Presidente sa official results.,Neutral,Negative,Negative
"RT Si [Entity_A], sinungaling. Si apl.de.ap ang tinutukoy ng ad nya. Ang ad nyang nakakaumay nang makita pag nanonood ng TV!",Negative,Negative,Negative
Ginaya ni [Entity_A] yung Ad ng ACS. Neta!! Walang originality!! Boseeeet! [Entity_B] TILL THE END. ANO ABS-CBN!,Negative,Neutral,Neutral
[Entity_A]: More poor Filipinos under [Entity_B] administration,Negative,Neutral,Neutral
Todo bully ang mga tao kay [Entity_A]! Di naman nakakatuwa!,Negative,Neutral,Negative
RT: Nahhigh blood ako sa commercial ni [Entity_A],Negative,Negative,Negative
Bakit ang payat at haggard ni [Entity_A]?,Negative,Neutral,Negative
Ayaw pa pala magconcede ni [Entity_A].. :D,Negative,Negative,Negative
yung bagong commercial ni [Entity_A] :-----(((( HAHAHAHAHHAHAHAHAHAHAKAWAWANG BINAY HAYS,Negative,Negative,Negative
ate number Positive po c [Entity_A] sa presinto namin sa Cavite City NeutralNegativePositive si [Entity_B] NeutralNeutral5 si [Entity_A],Neutral,Neutral,Neutral
Ayaw na nilang lagyan ng mukha ni [Entity_A] yung TV commercial niya. Nice effort [Entity_A] PR Team.,Negative,Negative,Negative
"Not sure yet but definitely not [Entity_A], [Entity_B], or [Entity_C].",Negative,Negative,Negative
"Yung paningin ko pag pinapalabas ung tv ad ni [Entity_A], parang ung tv ad nya rin lng. MADILIM.",Negative,Negative,Negative
Yung bakla kanina sa salon g na g kay [Entity_A]. Si [Entity_B] daw ang MA's karapat dapat. Magkano kaya nakuha nya. Hahahahahaha. Hays,Negative,Neutral,Negative
"Unlike his rich rivals, [Entity_A] hails from the poor",Positive,Neutral,Neutral
"tells [Entity_A] on BUB: It's participatory governance, and not a money making, corruption undertaking. | via",Neutral,Neutral,Neutral
I'd rather [Entity_A]-[Entity_B],Positive,Positive,Positive
Senador [Entity_A] tutol na ipakita sa publiko ang kaniyang medical records |,Negative,Neutral,Neutral
"""Ayaw na natin ng gobyerno na manhid."" - [Entity_A]",Positive,Neutral,Neutral
shut up [Entity_A]. Hahaha chat mo ko,Negative,Negative,Negative
lagot ka kay [Entity_A],Neutral,Negative,Negative
"[Entity_A], nilinaw na mas malala kung magiging presidente si [Entity_B] kaysa [Entity_C] | via DZMM TeleRadyo",Negative,Neutral,Neutral
Here comes [Entity_A],Neutral,Neutral,Positive
Sorry [Entity_A] pero di ko pa din gets kung ano kinalaman ng pagiging nognog mo sa pagiging presidente ng pilipinas.,Negative,Negative,Negative
"Nognog. Pandak. Laki sa hirap. ""Madaming nagawa"" pero mas maraming TV Ads. Yan si [Entity_A]! Sobrang agit ko! umayos ka",Negative,Negative,Negative
Namo [Entity_A]!,Negative,Negative,Negative
Simple rule wala pa dpt mangngampanya and yet pol ads evrywhere. Do not vote for them. [Entity_A] [Entity_B] [Entity_C],Negative,Negative,Negative
I therefore conclude that [Entity_A] is very good in the business of stealing.,Negative,Negative,Negative
"Hindi ka naman mananalo [Entity_A] e, so shut up ka nalang",Negative,Negative,Negative
I VOTE [Entity_A]! Actually four of us!,Positive,Positive,Positive
hahahahhahaha [Entity_A] corrupt politician liar magnanakaw sa kaban nang bayan!,Negative,Negative,Negative
[Entity_A] doesn't have the funds to air his own VP ad yet has money to pay for anti-[Entity_B] ad? Labo di ba?,Negative,Negative,Negative
RT: hahaha miss you [Entity_A]!!,Positive,Positive,Positive